"","X","enrichment","method","Domain","Phylum","Class","Order","Family","Genus","Species","Strain","associated_variables"
"10","CCGAGCGTTATCCGGATTTATTGGGTTTAAAGGGAGCGTAGGTGGACAGTTAAGTCAGTTGTGAAAGTTTGCGGCTCAACCGTAAAATTGCAGTTGATACTGGCTGTCTTGAGTACAGTAGAGGTGGGCGGAATTCGTGGTGTAGCGGTGAAATGCTTAGATATCACGAAGAACTCCGATTGCGAAGGCAGCTCACTGGACTGCAACTGACACTGATGCTCGAAAGTGTGGGT","Aut,Aut","DESEQ_time, ZIG_time","d__Bacteria","p__Bacteroidota","c__Bacteroidia","o__Bacteroidales","f__Bacteroidaceae","g__Bacteroides","s__thetaiotaomicron","t__unclassified",""
"16","CCGAGCGTTGTCCGGATTTATTGGGCGTAAAGCGAGCGCAGGCGGTTTGATAAGTCTGAAGTTAAAGGCTGTGGCTCAACCATAGTTCGCTTTGGAAACTGTCAAACTTGAGTGCAGAAGGGGAGAGTGGAATTCCATGTGTAGCGGTGAAATGCGTAGATATATGGAGGAACACCGGTGGCGAAAGCGGCTCTCTGGTCTGTAACTGACGCTGAGGCTCGAAAGCGTGGGG","Control,Control","ZIG_time, ANCOM_time","d__Bacteria","p__Firmicutes","c__Bacilli","o__Lactobacillales","f__Streptococcaceae","g__Streptococcus","s__unclassified","t__unclassified","Toilet.trained., Dietary.restrictions..M.., Multivitamin., GI.symptoms.within..months..M.."
"27","GCAAGCGTTATCCGGATTTACTGGGTGTAAAGGGAGCGTAGACGGAAGAGCAAGTCTGATGTGAAAGGCTGGGGCTTAACCCCAGGACTGCATTGGAAACTGTTTTTCTAGAGTGCCGGAGAGGTAAGCGGAATTCCTAGTGTAGCGGTGAAATGCGTAGATATTAGGAGGAACACCAGTGGCGAAGGCGGCTTACTGGACGGTAACTGACGTTGAGGCTCGAAAGCGTGGGG","Aut,Aut","DESEQ_time, ZIG_time","d__Bacteria","p__Firmicutes_A","c__Clostridia","o__Lachnospirales","f__Lachnospiraceae","g__Blautia","s__unclassified","t__unclassified","Vegetable..consumption.frequency...longitudinal.., Dietary.supplement., Multivitamin."
"29","GCAAGCGTTATCCGGATTTACTGGGTGTAAAGGGAGCGTAGACGGACTGGCAAGTCTGATGTGAAAGGCGGGGGCTCAACCCCTGGACTGCATTGGAAACTGTTAGTCTTGAGTGCCGGAGAGGTAAGCGGAATTCCTAGTGTAGCGGTGAAATGCGTAGATATTAGGAGGAACACCAGTGGCGAAGGCGGCTTACTGGACGGTAACTGACGTTGAGGCTCGAAAGCGTGGGG","Aut,Aut","DESEQ_time, ZIG_time","d__Bacteria","p__Firmicutes_A","c__Clostridia","o__Lachnospirales","f__Lachnospiraceae","g__Blautia_A","s__unclassified","t__unclassified","Vegetable..consumption.frequency...longitudinal.., Meats.and.seafood..consumption.frequency...longitudinal.."
"45","GCAAGCGTTATCCGGATTTACTGGGTGTAAAGGGAGCGTAGACGGTGTGGCAAGTCTGATGTGAAAGGCATGGGCTCAACCTGTGGACTGCATTGGAAACTGTCATACTTGAGTGCCGGAGGGGTAAGCGGAATTCCTAGTGTAGCGGTGAAATGCGTAGATATTAGGAGGAACACCAGTGGCGAAGGCGGCTTACTGGACGGTAACTGACGTTGAGGCTCGAAAGCGTGGGG","Control,Control","ZIG_time, ANCOM_time","d__Bacteria","p__Firmicutes_A","c__Clostridia","o__Lachnospirales","f__Lachnospiraceae","g__Blautia_A","s__wexlerae","t__unclassified","Lactose.intolerance., Dietary.supplement., GI.symptoms.within..months..M.."
"49","GCAAGCGTTATCCGGATTTACTGGGTGTAAAGGGAGCGTAGACGGTTTAGCAAGTCTGAAGTGAAAGCCCGGGGCTCAACCCCGGTACTGCTTTGGAAACTGTTAGACTTGAGTGCAGGAGAGGTAAGTGGAATTCCTAGTGTAGCGGTGAAATGCGTAGATATTAGGAGGAACACCAGTGGCGAAGGCGGCTTACTGGACTGTAACTGACGTTGAGGCTCGAAAGCGTGGGG","Aut,Aut","DESEQ_time, ZIG_time","d__Bacteria","p__Firmicutes_A","c__Clostridia","o__Lachnospirales","f__Lachnospiraceae","g__unclassified","s__unclassified","t__unclassified",""
"55","GCAAGCGTTATCCGGATTTACTGGGTGTAAAGGGCGTGTAGGCGGGACTGCAAGTCAGATGTGAAAACTATGAGCTCAACTCATAGCCTGCATTTGAAACTGTAGTTCTTGAGTGCTGGAGAGGCAATCGGAATTCCGTGTGTAGCGGTGAAATGCGTAGATATACGGAGGAACACCAGTGGCGAAGGCGGATTGCTGGACAGTAACTGACGCTGAGGCGCGAAAGCGTGGGG","Aut,Aut","DESEQ_time, ZIG_time","d__Bacteria","p__Firmicutes_A","c__Clostridia","o__Oscillospirales","f__Oscillospiraceae","g__unclassified","s__unclassified","t__unclassified","GI.symptoms.within..months..M.."
"75","GCGAGCGTTAATCGGAATAACTGGGCGTAAAGGGCACGCAGGCGGTGACTTAAGTGAGGTGTGAAAGCCCCGGGCTTAACCTGGGAATTGCATTTCATACTGGGTCGCTAGAGTACTTTAGGGAGGGGTAGAATTCCACGTGTAGCGGTGAAATGCGTAGAGATGTGGAGGAATACCGAAGGCGAAGGCAGCCCCTTGGGAATGTACTGACGCTCATGTGCGAAAGCGTGGGG","Control,Control","ZIG_time, ANCOM_time","d__Bacteria","p__Proteobacteria","c__Gammaproteobacteria","o__Enterobacterales","f__Pasteurellaceae","g__Haemophilus_D","s__unclassified","t__unclassified","Pets.in.home., Lactose.intolerance., Dietary.restrictions..M.., Multivitamin."
"80","GCGAGCGTTATCCGGAATTATTGGGCGTAAAGAGTGCGTAGGTGGTAACTTAAGCGCGGGGTTTAAGGCAATGGCTTAACCATTGTTCGCCCTGCGAACTGGGATACTTGAGTGCAGGAGAGGAAAGCGGAATTCCTAGTGTAGCGGTGAAATGCGTAGATATTAGGAGGAACACCAGTGGCGAAGGCGGCTTTCTGGACTGAAACTGACACTGAGGCACGAAAGTGTGGGG","Aut,Aut","DESEQ_time, ZIG_time","d__Bacteria","p__Firmicutes_A","c__Clostridia","o__Peptostreptococcales","f__Anaerovoracaceae","g__unclassified","s__unclassified","t__unclassified","Lactose.intolerance., Dietary.supplement."
"81","GCGAGCGTTATCCGGAATTATTGGGCGTAAAGGGTGCGCAGGCGGTTTGTTAAGTTTAAGGTGAAAGCGTGGGGCTTAACCCCATATAGCCTTAGAAACTGACAGACTAGAGTACAGGAGAGGGCAATGGAATTCCATGTGTAGCGGTAAAATGCGTAGATATATGGAGGAACACCAGTGGCGAAGGCGGTTGCCTGGCCTGTAACTGACGCTCATGCACGAAAGCGTGGGG","Aut,Aut","DESEQ_time, ZIG_time","d__Bacteria","p__Firmicutes","c__Bacilli","o__Erysipelotrichales","f__Erysipelotrichaceae","g__Holdemania","s__unclassified","t__unclassified",""
"106","t__186843","Aut,Aut","DESEQ_time, ZIG_time","d__Bacteria","p__Firmicutes_A","c__Clostridia","o__Christensenellales","f__Christensenellaceae","g__borkfalki","s__ceftriaxensis","t__186843","Dietary.supplement., Meats.and.seafood..consumption.frequency...longitudinal.."
