"","ASV","Method+Data","Enrichment","Domain","Phylum","Class","Order","Family","Genus","Species","Strain","Enrichment_Cat","ANCOM_sig"
"1","CCGAGCGTTATCCGGATTTATTGGGTTTAAAGGGAGCGTAGGTGGATTGTTAAGTCAGTTGTGAAAGTTTGCGGCTCAACCGTAAAATTGCAGTTGATACTGGCAGTCTTGAGTACAGTAGAGGTGGGCGGAATTCGTGGTGTAGCGGTGAAATGCTTAGATATCACGAAGAACTCCGATTGCGAAGGCAGCTCACTGGACTGCAACTGACACTGATGCTCGAAAGTGTGGGT","Mtg_P1","Aut","d__Bacteria","p__Bacteroidota","c__Bacteroidia","o__Bacteroidales","f__Bacteroidaceae","g__Bacteroides","s__unclassified","t__unclassified","Aut","FALSE"
"2","GCAAGCGTTGTCCGGAATTACTGGGTGTAAAGGGAGTGTAGGCGGGATATCAAGTCAGAAGTGAAAATTACGGGCTCAACTCGTAACCTGCTTTTGAAACTGACATTCTTGAGTGAAGTAGAGGCAAGCGGAATTCCTAGTGTAGCGGTGAAATGCGTAGATATTAGGAGGAACACCAGTGGCGAAGGCGGCTTGCTGGGCTTTTACTGACGCTGAGGCTCGAAAGCGTGGGG","Mtg_P1","Control","d__Bacteria","p__Firmicutes_A","c__Clostridia","o__Oscillospirales","f__Ruminococcaceae","g__Ruminiclostridium_E","s__Ruminiclostridium_E__siraeum","t__unclassified","Control","FALSE"
"3","GCAAGCGTTATCCGGATTTACTGGGTGTAAAGGGAGCGTAGGCGGTCTGACAAGTCAGAAGTGAAAGCCCGGGGCTCAACTCCGGGACTGCTTTTGAAACTGCCGGACTAGATTGCAGGAGAGGTAAGTGGAATTCCTAGTGTAGCGGTGAAATGCGTAGATATTAGGAGGAACACCAGTGGCGAAGGCGGCTTACTGGACTGTAAATGACGCTGAGGCTCGAAAGCGTGGGG","Mtg_P1","Aut","d__Bacteria","p__Firmicutes_A","c__Clostridia","o__Lachnospirales","f__Lachnospiraceae","g__PROV_t__182732","s__unclassified","t__unclassified","Aut","FALSE"
"4","GCAAGCGTTAATCGGAATTACTGGGCGTAAAGCGTGCGCAGGCGGTTCTGTAAGACAGATGTGAAATCCCCGGGCTCAACCTGGGAATTGCATTTGTGACTGCAGGACTAGAGTTCATCAGAGGGGGGTGGAATTCCAAGTGTAGCAGTGAAATGCGTAGATATTTGGAAGAACACCAATGGCGAAGGCAGCCCCCTGGGATGCGACTGACGCTCATGCACGAAAGCGTGGGG","Mtg_P1","Aut","d__Bacteria","p__Proteobacteria","c__Gammaproteobacteria","o__Burkholderiales","f__Burkholderiaceae","g__Sutterella","s__Sutterella__wadsworthensis_A","t__unclassified","Aut","FALSE"
"5","ACAAGCGTTGTCCGGAATTACTGGGTGTAAAGGGAGCGCAGGCGGGCGATCAAGTTGGAAGTGAAATCCATGGGCTCAACCCATGAACTGCTTTCAAAACTGGTCGTCTTGAGTAGTGCAGAGGTAGGCGGAATTCCCGGTGTAGCGGTGGAATGCGTAGATATCGGGAGGAACACCAGTGGCGAAGGCGGCCTACTGGGCACCAACTGACGCTGAGGCTCGAAAGTGTGGGT","Mtg_P1","Control","d__Bacteria","p__Firmicutes_A","c__Clostridia","o__Oscillospirales","f__Ruminococcaceae","g__Faecalibacterium","s__Faecalibacterium__prausnitzii_I","t__unclassified","Control","FALSE"
"6","GCGAGCGTTATCCGGAATTATTGGGCGTAAAGAGCGCGCAGGTGGTTGATTAAGTCTGATGTGAAAGCCCACGGCTTAACCGTGGAGGGTCATTGGAAACTGGTCGACTTGAGTGCAGAAGAGGGAAGTGGAATTCCATGTGTAGCGGTGAAATGCGTAGAGATATGGAGGAACACCAGTGGCGAAGGCGGCTTCCTGGTCTGTAACTGACACTGAGGCGCGAAAGCGTGGGG","Mtg_P1","Aut","d__Bacteria","p__Firmicutes","c__Bacilli","o__Haloplasmatales","f__Turicibacteraceae","g__Turicibacter","s__unclassified","t__unclassified","Aut","FALSE"
"7","GCGAGCGTTGTCCGGAATTACTGGGTGTAAAGGGAGCGTAGGCGGGAAAGCAAGTTGGAAGTGAAATGCATGGGCTTAACCCATGAGCTGCTTTCAAAACTGTTTTTCTTGAGTGAAGTAGAGGCAGGCGGAATTCCTAGTGTAGCGGTGAAATGCGTAGATATTAGGAGGAACACCAGTGGCGAAGGCGGCCTGCTGGGCTTTAACTGACGCTGAGGCTCGAAAGCGTGGGT","Mtg_P1","Aut","d__Bacteria","p__Firmicutes_A","c__Clostridia","o__Oscillospirales","f__Ruminococcaceae","g__unclassified","s__unclassified","t__unclassified","Aut","FALSE"
"8","CCGAGCGTTGTCCGGATTTATTGGGCGTAAAGCGAGCGCAGGCGGTTAGATAAGTCTGAAGTTAAAGGCTGTGGCTTAACCATAGTACGCTTTGGAAACTGTTTAACTTGAGTGCAAGAGGGGAGAGTGGAATTCCATGTGTAGCGGTGAAATGCGTAGATATATGGAGGAACACCGGTGGCGAAAGCGGCTCTCTGGCTTGTAACTGACGCTGAGGCTCGAAAGCGTGGGG","Mtg_P1","Aut","d__Bacteria","p__Firmicutes","c__Bacilli","o__Lactobacillales","f__Streptococcaceae","g__Streptococcus","s__unclassified","t__unclassified","Aut","FALSE"
"9","GCAAGCGTTATCCGGATTTACTGGGTGTAAAGGGAGCGTAGACGGCGATGCAAGTCTGAAGTGAAAGCCCGGGGCTCAACCCCGGGACTGCTTTGGAAACTGTGTGGCTGGAGTGCAGGAGAGGTAAGTGGAATTCCTAGTGTAGCGGTGAAATGCGTAGATATTAGGAGGAACACCAGTGGCGAAGGCGGCTTACTGGACTGTAACTGACGTTGAGGCTCGAAAGCGTGGGG","Mtg_P1","Aut","d__Bacteria","p__Firmicutes_A","c__Clostridia","o__Lachnospirales","f__Lachnospiraceae","g__unclassified","s__unclassified","t__unclassified","Aut","FALSE"
"10","GCAAGCGTTGTCCGGATTTACTGGGTGTAAAGGGCGTGTAGGCGGGATTGCAAGTCAGGCGTGAAAACCAGGGGCTCAACCTCTGGCCTGCGTTTGAAACTGTAGTTCTTGAGTACTGGAGAGGTTGACGGAATTCCTAGTGTAGCGGTGAAATGCGTAGATATTAGGAGGAACACCAGTGGCGAAGGCGGTCAACTGGACAGCAACTGACGCTGAGGCGCGAAAGCGTGGGG","Mtg_P1","Aut","d__Bacteria","p__Firmicutes_A","c__Clostridia","o__Oscillospirales","f__Oscillospiraceae","g__Lawsonibacter","s__unclassified","t__unclassified","Aut","FALSE"
"11","CCGAGCGTTGTCCGGAATCATTGGGCGTAAAGGGTACGTAGGCGGCCTAGTAAGTTAGAAGTGAAATAATATAGCTCAACTATATAAAGCTTTTAAAACTGTTAGGCTTGAGAGATGAAAGGGAAAGTGGAATTCCTAGTGTAGCGGTGAAATGCGCAGATATTAGGAAGAATACCGGTGGCGAAGGCGACTTTCTGGTCATCATCTGACGCTGAGGTACGAAAGCGTGGGT","Mtg_P2","Aut","d__Bacteria","p__Firmicutes_A","c__Clostridia","o__Tissierellales","f__Helcococcaceae","g__Anaerococcus","s__Anaerococcus__vaginalis","t__unclassified","Aut","FALSE"
"12","t__212301","Mtg_P2","Aut","d__Bacteria","p__Firmicutes_A","c__Clostridia","o__Oscillospirales","f__Ruminococcaceae","g__Anaerotruncus","s__PROV_t__212301","t__212301","Aut","FALSE"
"13","GCAAGCGTTATCCGGATTTACTGGGTGTAAAGGGAGCGCAGGCGGTGCGGCAAGTCTGATGTGAAAGCCCGGGGCTCAACCCCGGTACTGCATTGGAAACTGTCGTACTAGAGTGTCGGAGGGGTAAGTGGAATTCCTAGTGTAGCGGTGAAATGCGTAGATATTAGGAGGAACACCAGTGGCGAAGGCGGCTTACTGGACGATAACTGACGCTGAGGCTCGAAAGCGTGGGG","Mtg_P2","Control","d__Bacteria","p__Firmicutes_A","c__Clostridia","o__Lachnospirales","f__Lachnospiraceae","g__unclassified","s__unclassified","t__unclassified","Control","FALSE"
"14","GCGAGCGTTGTCCGGAATTACTGGGTGTAAAGGGAGTGTAGGCGGGATCATAAGTTGCGTGTGAAATGCAGGGGCTCAACCCCTGAACTGCGCGCAAAACTGTGGTTCTTGAGTGAAGTAGAGGCAGGCGGAATTCCCGGTGTAGCGGTGGAATGCGTAGATATCGGGAGGAACACCAGTGGCGAAGGCGGCCTGCTGGGCTTTTACTGACGCTGAGGCTCGAAAGCATGGGG","Mtg_P2","Aut","d__Bacteria","p__Firmicutes_A","c__Clostridia","o__Oscillospirales","f__Ruminococcaceae","g__Bittarella","s__Bittarella__massiliensis","t__unclassified","Aut","FALSE"
"15","GCAAGCGTTGTCCGGATTTACTGGGTGTAAAGGGCGTGTAGCCGGGAAGGCAAGTCAGATGTGAAATCCACGGGCTCAACTCGTGAACTGCATTTGAAACTGTTTTTCTTGAGTATCGGAGAGGCAATCGGAATTCCTAGTGTAGCGGTGAAATGCGTAGATATTAGGAGGAACACCAGTGGCGAAGGCGGATTGCTGGACGACAACTGACGGTGAGGCGCGAAAGCGTGGGG","Mtg_P2","Control","d__Bacteria","p__Firmicutes_A","c__Clostridia","o__Oscillospirales","f__Oscillospiraceae","g__unclassified","s__unclassified","t__unclassified","Control","FALSE"
"16","GCAAGCGTTGTCCGGATTTACTGGGTGTAAAGGGTGCGTAGGCGGTTCGGCAAGTCAGAAGTGAAATCCATGGGCTTAACCCATGAACTGCTTTTGAAACTGTCGAACTTGAGTGAAGTAGAGGTAGGCGGAATTCCCGGTGTAGCGGTGAAATGCGTAGAGATCGGGAGGAACACCAGTGGCGAAGGCGGCCTACTGGGCTTTAACTGACGCTGAGGCACGAAAGCATGGGT","Mtg_P2","Control","d__Bacteria","p__Firmicutes_A","c__Clostridia","o__Oscillospirales","f__Acutalibacteraceae","g__Acutalibacter","s__unclassified","t__unclassified","Control","FALSE"
"17","GCGAGCGTTATCCGGATTTATTGGGTGTAAAGGGTGCGTAGACGGGAAGTCAAGTTAGTTGTGAAATCCCTCGGCTTAACTGAGGAACTGCAACTAAAACTGATTTTCTTGAGTACTGGAGAGGAAAGTGGAATTCCTAGTGTAGCGGTGAAATGCGTAGATATTAGGAGGAACACCGGTGGCGAAGGCGACTTTCTGGACAGAAACTGACGTTGAGGCACGAAAGTGTGGGG","Mtg_P3","Aut","d__Bacteria","p__Firmicutes_A","c__unclassified","o__unclassified","f__unclassified","g__unclassified","s__unclassified","t__unclassified","Aut","FALSE"
"18","GCGAGCGTTGTCCGGAATGACTGGGCGTAAAGGGAGCGTAGGCGGCACAACAAGTTAGGAGTGAAATACCGTGGCTTAACCACGGAACTGCTTTTAAAACTGTTGAGCTAGAGTGATGGAGAGGAAAGCGGAATTCCTAGTGTAGCGGTGGAATGCGTAGATATTAGGAGGAACACCAGAGGCGAAGGCGGCTTTCTGGACATTAACTGACGCTGAGGCTCGAAAGCGTGGGG","Mtg_P3","Aut","d__Bacteria","p__unclassified","c__unclassified","o__unclassified","f__unclassified","g__unclassified","s__unclassified","t__unclassified","Aut","FALSE"
"19","GCGAGCGTTGTCCGGAATGACTGGGTGTAAAGGGAGCGTAGGCGGGATGGCAAGTCAGATGTGAAACCTGAGGGCTCAACCTTCAGACTGCATTTGAAACTGCTGTTCTTGAGTGAAGTAGAGGTAAGCGGAATTCCTGGTGTAGCGGTGAAATGCGTAGAGATCAGGAGGAACATCGGTGGCGAAGGCGGCTTACTGGGCTTTTACTGACGCTGAGGCTCGAAAGCGTGGGG","Mtg_P3","Aut","d__Bacteria","p__Firmicutes_A","c__Clostridia","o__Oscillospirales","f__Ruminococcaceae","g__unclassified","s__unclassified","t__unclassified","Aut","FALSE"
"20","GCAAGCGTTATCCGGATTTACTGGGTGTAAAGGGAGCGTAGACGGCATGGCAAGCCAGATGTGAAAGCCCGGGGCTCAACCCCGGGACTGCATTTGGAACTGTCAGGCTAGAGTGTCGGAGAGGAAAGCGGAATTCCTAGTGTAGCGGTGAAATGCGTAGATATTAGGAGGAACACCAGTGGCGAAGGCGGCTTTCTGGACGGTGACTGACGTTGAGGCTCGAAAGCGTGGGG","Mtg_P3","Control","d__Bacteria","p__Firmicutes_A","c__Clostridia","o__Lachnospirales","f__Lachnospiraceae","g__Faecalicatena","s__Faecalicatena__gnavus","t__unclassified","Control","FALSE"
"21","t__256727","Mtg_P3","Aut","d__Bacteria","p__Firmicutes_A","c__Clostridia","o__Lachnospirales","f__Lachnospiraceae","g__PROV_t__256727","s__PROV_t__256727","t__256727","Aut","FALSE"
"22","CCGAGCGTTGTCCGGATTTATTGGGCGTAAAGCGAGCGCAGGTGGTTTATTAAGTCTGGTGTAAAAGGCAGTGGCTCAACCATTGTATGCATTGGAAACTGGTAGACTTGAGTGCAGGAGAGGAGAGTGGAATTCCATGTGTAGCGGTGAAATGCGTAGATATATGGAGGAACACCGGTGGCGAAAGCGGCTCTCTGGCCTGTAACTGACACTGAGGCTCGAAAGCGTGGGG","Mtg_P3","Control","d__Bacteria","p__Firmicutes","c__Bacilli","o__Lactobacillales","f__Streptococcaceae","g__Lactococcus","s__unclassified","t__unclassified","Control","FALSE"
"23","GCAAGCGTTGTCCGGATTTATTGGGCGTAAAGCGAGCGCAGGCGGTTCCTTAAGTCTGATGTGAAAGCCCCCGGCTCAACCGGGGAGGGTCATTGGAAACTGGGGAACTTGAGTGCAGAAGAGGAGAGTGGAATTCCATGTGTAGCGGTGAAATGCGTAGATATATGGAGGAACACCAGTGGCGAAGGCGACTCTCTGGTCTGTAACTGACGCTGAGGCTCGAAAGCGTGGGT","Mtg_P3","Control","d__Bacteria","p__Firmicutes","c__Bacilli","o__Lactobacillales","f__unclassified","g__unclassified","s__unclassified","t__unclassified","Control","FALSE"
"24","GCAAGCGTTATCCGGATTTACTGGGTGTAAAGGGTGTGTAGGCGGGAAGCCAAGTCAGATGTGAAAATCATGGGCTCAACTCATGACTTGCATTTGAAACTGGTTTTCTTGAGTATGGGAGAGGTAAATGGAATTCCCGGTGTAGCGGTGAAATGCGTAGATATCGGGAGGAACACCAGTGGCGAAGGCGGTTTACTGGACCACAACTGACGCTGATACACGAAAGCGTGGGG","Mtg_P3","Control","d__Bacteria","p__Firmicutes_A","c__Clostridia","o__unclassified","f__unclassified","g__unclassified","s__unclassified","t__unclassified","Control","FALSE"
"25","t__109214","Mtg_P3","Aut","d__Bacteria","p__Firmicutes_A","c__Clostridia","o__Oscillospirales","f__Oscillospiraceae","g__Intestinimonas","s__Intestinimonas__massiliensis","t__109214","Aut","FALSE"
"26","GCAAGCGTTGTCCGGATTTACTGGGTGTAAAGGGTGCGTAGGCGGATTGGCAAGTCAGTAGTGAAATCCATGGGCTTAACCCATGACGTGCTATTGAAACTGTTGATCTTGAGTGAAGTAGAGGTAAGCGGAATTCCCGGTGTAGCGGTGAAATGCGTAGAGATCGGGAGGAACACCAGTGGCGAAGGCGGCTTACTGGGCTTTAACTGACGCTGAGGCACGAAAGCATGGGT","Mtg_P3","Aut","d__Bacteria","p__Firmicutes_A","c__Clostridia","o__Oscillospirales","f__Acutalibacteraceae","g__unclassified","s__unclassified","t__unclassified","Aut","FALSE"
"27","GCAAGCGTTGTCCGGAATTATTGGGCGTAAAGCGCGCGCAGGCGGATCAGTCAGTCTGTCTTAAAAGTTCGGGGCTTAACCCCGTGATGGGATGGAAACTGCTGATCTAGAGTATCGGAGAGGAAAGTGGAATTCCTAGTGTAGCGGTGAAATGCGTAGATATTAGGAAGAACACCAGTGGCGAAGGCGACTTTCTGGACGAAAACTGACGCTGAGGCGCGAAAGCCAGGGG","Mtg_P3","Control","d__Bacteria","p__Firmicutes_C","c__Negativicutes","o__Veillonellales","f__Veillonellaceae","g__Veillonella","s__unclassified","t__unclassified","Control","FALSE"
"28","GCAAGCGTTATCCGGATTTACTGGGTGTAAAGGGAGTGTAGGTGGTATCACAAGTCAGAAGTGAAAGCCCGGGGCTCAACCCCGGGACTGCTTTTGAAACTGTGGAACTGGAGTGCAGGAGAGGTAAGTGGAATTCCTAGTGTAGCGGTGAAATGCGTAGATATTAGGAGGAACACCAGTGGCGAAGGCGGCTTACTGGACTGTAACTGACACTGAGGCTCGAAAGCGTGGGG","Mtg_P3","Aut","d__Bacteria","p__Firmicutes_A","c__Clostridia","o__Lachnospirales","f__Lachnospiraceae","g__unclassified","s__unclassified","t__unclassified","Aut","FALSE"
"29","GCAAGCGTTGTCCGGATTTACTGGGTGTAAAGGGCGTGCAGCCGGGAATGCAAGTCAGATGTGAAATCCATGGGCTTAACCCATGAACTGCATTTGAAACTGTATTTCTTGAGTACTGGAGAGGCAATCGGAATTCCTAGTGTAGCGGTGAAATGCGTAGATATTAGGAGGAACACCAGTGGCGAAGGCGGATTGCTGGACAGCAACTGACGGTGAGGCGCGAAAGTGTGGGG","Mtg_P3","Control","d__Bacteria","p__Firmicutes_A","c__Clostridia","o__Oscillospirales","f__Oscillospiraceae","g__PROV_t__108638","s__unclassified","t__unclassified","Control","FALSE"
"30","GCAAGCGTTATCCGGATTTACTGGGTGTAAAGGGAGCGTAGACGGTATGGCAAGTCTGATGTGAAAGGCCAGGGCTCAACCCTGGGACTGCATTGGAAACTGTCGAACTAGAGTGTCGGAGAGGCAAGTGGAATTCCTAGTGTAGCGGTGAAATGCGTAGATATTAGGAGGAACACCAGTGGCGAAGGCGGCTTGCTGGACGATGACTGACGTTGAGGCTCGAAAGCGTGGGG","Mtg_P3","Aut","d__Bacteria","p__Firmicutes_A","c__Clostridia","o__Lachnospirales","f__Lachnospiraceae","g__unclassified","s__unclassified","t__unclassified","Aut","FALSE"
"31","GCAAGCGTTGTCCGGATTCACTGGGCGTAAAGAGCACGTAGGCGGTTAATTAAGTCAGGTGTGAAAGTTTTCGGCTCAACCGGAAAAGTGCACTTGAAACTGGATAACTTGAGTATCGGAGAGGTAAGCGGAATTCCTAGTGTAGCGGTGAAATGCGTAGAGATTAGGAAGAACACCGGTGGCGAAGGCGGCTTACTGGACGATAACTGACGCTGAGGTGCGAAAGCGTGGGG","Mtg_P3","Aut","d__Bacteria","p__Firmicutes_A","c__Clostridia","o__Eubacteriales","f__Anaerofustaceae","g__Anaerofustis","s__Anaerofustis__stercorihominis","t__unclassified","Aut","FALSE"
"32","GCAAGCGTTATCCGGATTTACTGGGTGTAAAGGGTGCGTAGGTGGCAGTGCAAGTCAGATGTGAAAGGCCGGGGCTCAACCCCGGAGCTGCATTTGAAACTGCGCGGCTAGAGTACAGGAGAGGCAGGCGGAATTCCTAGTGTAGCGGTGAAATGCGTAGATATTAGGAGGAACACCAGTGGCGAAGGCGGCCTGCTGGACTGTTACTGACACTGAGGCACGAAAGCGTGGGG","Mtg_P3","Control","d__Bacteria","p__Firmicutes_A","c__Clostridia","o__Lachnospirales","f__Lachnospiraceae","g__Eubacterium_E","s__unclassified","t__unclassified","Control","FALSE"
"33","GCAAGCGTTATCCGGATTTACTGGGTGTAAAGGGAGCGTAGACGGCTTTGCAAGTCTGACGTGAAACTCCGGGGCTCAACTCCGGAACTGCGTTGGAAACTGTAAGGCTTGAGTGCCGGAGAGGTAAGCGGAATTCCTAGTGTAGCGGTGAAATGCGTAGATATTAGGAGGAACACCAGTGGCGAAGGCGGCTTACTGGACGGCAACTGACGTTGAGGCTCGAAAGCGTGGGG","Mtg_P3","Control","d__Bacteria","p__Firmicutes_A","c__Clostridia","o__Lachnospirales","f__Lachnospiraceae","g__Blautia_A","s__PROV_t__254045","t__unclassified","Control","FALSE"
"34","CCGAGCGTTATCCGGATTTATTGGGTTTAAAGGGAGCGTAGATGGGTTGTTAAGTCAGTTGTGAAAGTTTGCGGCTCAACCGTAAAATTGCAATTGATACTGGCAGTCTTGAGTACAGTTGAGGTAGGCGGAATTCGTGGTGTAGCGGTGAAATGCTTAGATATCACGAAGAACTCCGATTGCGAAGGCAGCTTACTAACCTGTAACTGACATTGATGCTCGAAAGTGTGGGT","Mtg_P1Mtg_P3","AutAut","d__Bacteria","p__Bacteroidota","c__Bacteroidia","o__Bacteroidales","f__Bacteroidaceae","g__Bacteroides_B","s__Bacteroides_B__massiliensis","t__unclassified","Aut","FALSE"
"35","CCGAGCGTTGTCCGGATTTATTGGGCGTAAAGCGAGCGCAGGCGGTTTGATAAGTCTGAAGTTAAAGGCTGTGGCTCAACCATAGTTCGCTTTGGAAACTGTCAAACTTGAGTGCAGAAGGGGAGAGTGGAATTCCATGTGTAGCGGTGAAATGCGTAGATATATGGAGGAACACCGGTGGCGAAAGCGGCTCTCTGGTCTGTAACTGACGCTGAGGCTCGAAAGCGTGGGG","Mtg_P3Mtg_P3","ControlControl","d__Bacteria","p__Firmicutes","c__Bacilli","o__Lactobacillales","f__Streptococcaceae","g__Streptococcus","s__unclassified","t__unclassified","Control","TRUE"
"36","GCAAGCGTTATCCGGATTTACTGGGTGTAAAGGGAGCGTAGACGGAATGGCAAGTCTGATGTGAAAGGCCGGGGCTCAACCCCGGGACTGCATTGGAAACTGTCAATCTAGAGTACCGGAGGGGTAAGTGGAATTCCTAGTGTAGCGGTGAAATGCGTAGATATTAGGAGGAACACCAGTGGCGAAGGCGGCTTACTGGACGGTAACTGACGTTGAGGCTCGAAAGCGTGGGG","Mtg_P3Mtg_P3","ControlControl","d__Bacteria","p__Firmicutes_A","c__Clostridia","o__Lachnospirales","f__Lachnospiraceae","g__Ruminococcus_A","s__unclassified","t__unclassified","Control","FALSE"
"37","GCAAGCGTTATCCGGATTTACTGGGTGTAAAGGGAGCGTAGACGGCGACGCAAGTCTGAAGTGAAATACCCGGGCTCAACCTGGGAACTGCTTTGGAAACTGTGTTGCTGGAGTGCTGGAGAGGTAAGCGGAATTCCTAGTGTAGCGGTGAAATGCGTAGATATTAGGAAGAACACCAGTGGCGAAGGCGGCTTACTGGACAGTAACTGACGTTGAGGCTCGAAAGCGTGGGG","Mtg_P1Mtg_P3","AutAut","d__Bacteria","p__Firmicutes_A","c__Clostridia","o__Lachnospirales","f__Lachnospiraceae","g__unclassified","s__unclassified","t__unclassified","Aut","FALSE"
"38","GCAAGCGTTATCCGGATTTACTGGGTGTAAAGGGAGCGTAGACGGTGTGGCAAGTCTGATGTGAAAGGCATGGGCTCAACCTGTGGACTGCATTGGAAACTGTCATACTTGAGTGCCGGAGGGGTAAGCGGAATTCCTAGTGTAGCGGTGAAATGCGTAGATATTAGGAGGAACACCAGTGGCGAAGGCGGCTTACTGGACGGTAACTGACGTTGAGGCTCGAAAGCGTGGGG","Mtg_P1Mtg_P3","ControlControl","d__Bacteria","p__Firmicutes_A","c__Clostridia","o__Lachnospirales","f__Lachnospiraceae","g__Blautia_A","s__Blautia_A__wexlerae","t__unclassified","Control","FALSE"
"39","GCAAGCGTTATCCGGATTTACTGGGTGTAAAGGGTGCGTAGGTGGCAAGGCAAGTCAGATGTGAAAGCCCGGGGCTCAACCCCGGTACTGCATTTGAAACTGTCTAGCTAGAGTGCAGGAGAGGTAAGCGGAATTCCTAGTGTAGCGGTGAAATGCGTAGATATTAGGAGGAACACCAGTGGCGAAGGCGGCTTACTGGACTGTAACTGACACTGAGGCACGAAAGCGTGGGG","Mtg_P2Mtg_P3","ControlControl","d__Bacteria","p__Firmicutes_A","c__Clostridia","o__Lachnospirales","f__Lachnospiraceae","g__unclassified","s__unclassified","t__unclassified","Control","FALSE"
"40","GCAAGCGTTGTCCGGAATTATTGGGCGTAAAGCGCGCGCAGGCGGATTGGTCAGTCTGTCTTAAAAGTTCGGGGCTTAACCCCGTGATGGGATGGAAACTGCCAATCTAGAGTATCGGAGAGGAAAGTGGAATTCCTAGTGTAGCGGTGAAATGCGTAGATATTAGGAAGAACACCAGTGGCGAAGGCGACTTTCTGGACGAAAACTGACGCTGAGGCGCGAAAGCCAGGGG","Mtg_P3Mtg_P3","ControlControl","d__Bacteria","p__Firmicutes_C","c__Negativicutes","o__Veillonellales","f__Veillonellaceae","g__Veillonella","s__unclassified","t__unclassified","Control","FALSE"
"41","GCGAGCGTTAATCGGAATAACTGGGCGTAAAGGGCACGCAGGCGGTGACTTAAGTGAGGTGTGAAAGCCCCGGGCTTAACCTGGGAATTGCATTTCATACTGGGTCGCTAGAGTACTTTAGGGAGGGGTAGAATTCCACGTGTAGCGGTGAAATGCGTAGAGATGTGGAGGAATACCGAAGGCGAAGGCAGCCCCTTGGGAATGTACTGACGCTCATGTGCGAAAGCGTGGGG","Mtg_P2Mtg_P3","ControlControl","d__Bacteria","p__Proteobacteria","c__Gammaproteobacteria","o__Enterobacterales","f__Pasteurellaceae","g__Haemophilus_D","s__unclassified","t__unclassified","Control","TRUE"
"42","GCGAGCGTTATCCGGATTCATTGGGCGTAAAGCGCGCGTAGGCGGCCCGGCAGGCCGGGGGTCGAAGCGGGGGGCTCAACCCCCCGAAGCCCCCGGAACCTCCGCGGCTTGGGTCCGGTAGGGGAGGGTGGAACACCCGGTGTAGCGGTGGAATGCGCAGATATCGGGTGGAACACCGGTGGCGAAGGCGGCCCTCTGGGCCGAGACCGACGCTGAGGCGCGAAAGCTGGGGG","Mtg_P1Mtg_P2Mtg_P3","AutAutAut","d__Bacteria","p__Actinobacteriota","c__Coriobacteriia","o__Coriobacteriales","f__Coriobacteriaceae","g__Collinsella","s__unclassified","t__unclassified","Aut","FALSE"
"43","GCGAGCGTTGTCCGGATTTACTGGGTGTAAAGGGTGCGTAGGCGGCAGAGCAAGTCAGGCGTGAAAGCCATGGGCTTAACCCATGAACTGCGCTTGAAACTGTTTTGCTTGAGTGAAGTAGAGGCAGGCGGAATTCCCGGTGTAGCGGTGAAATGCGTAGAGATCGGGAGGAACACCAGTGGCGAAGGCGGCCTGCTGGGCTTTAACTGACGCTGAGGCACGAAAGCATGGGT","Mtg_P3Mtg_P3","AutAut","d__Bacteria","p__Firmicutes_A","c__Clostridia","o__Oscillospirales","f__Acutalibacteraceae","g__unclassified","s__unclassified","t__unclassified","Aut","FALSE"
"44","t__158681","Mtg_P1Mtg_P3","AutAut","d__Bacteria","p__Firmicutes_A","c__Clostridia","o__Lachnospirales","f__Lachnospiraceae","g__Anaerostipes","s__Anaerostipes__hadrus","t__158681","Aut","FALSE"
"45","t__209626","Mtg_P2Mtg_P3","AutAut","d__Bacteria","p__Firmicutes_A","c__Clostridia","o__Lachnospirales","f__Lachnospiraceae","g__PROV_t__209626","s__PROV_t__209626","t__209626","Aut","FALSE"
"46","GCAAGCGTTATCCGGAATCATTGGGCGTAAAGGGTGCGTAGGTGGCGTACTAAGTCTGTAGTAAAAGGCAATGGCTCAACCATTGTAAGCTATGGAAACTGGTATGCTGGAGTGCAGAAGAGGGCGATGGAATTCCATGTGTAGCGGTAAAATGCGTAGATATATGGAGGAACACCAGTGGCGAAGGCGGTCGCCTGGTCTGTAACTGACACTGAGGCACGAAAGCGTGGGG","DESeq2_P1","Aut","d__Bacteria","p__Firmicutes","c__Bacilli","o__Erysipelotrichales","f__Erysipelotrichaceae","g__Absiella","s__Absiella__innocuum","t__unclassified","Aut","FALSE"
"47","GCAAGCGTTATCCGGAATTATTGGGCGTAAAGGGTGCGTAGGCGGCGAGATAAGTCTGAGGTAAAAGCCCGTGGCTCAACCACGGTAAGCCTTGGAAACTGTCTGGCTGGAGTGCAGGAGAGGACAATGGAATTCCATGTGTAGCGGTAAAATGCGTAGATATATGGAGGAACACCAGTGGCGAAGGCGGTTGTCTGGCCTGTAACTGACGCTGAAGCACGAAAGCGTGGGG","DESeq2_P1","Aut","d__Bacteria","p__Firmicutes","c__Bacilli","o__Erysipelotrichales","f__Erysipelotrichaceae","g__Dielma","s__Dielma__fastidiosa","t__unclassified","Aut","FALSE"
"48","GCAAGCGTTGTCCGGATTTACTGGGTGTAAAGGGTGCGTAGGCGGCTAGGCAAGTCAGACGTGAAAACCATGGGCTCAACCTGTGGACTGCGTTTGAAACTGTTTAGCTTGAGTGAAGTAGAGGTAGGCGGAATTCCCGGTGTAGCGGTGAAATGCGTAGAGATCGGGAGGAACACCAGTGGCGAAGGCGGCCTACTGGGCTTTAACTGACGCTGAGGCACGAAAGCATGGGT","DESeq2_P1","Aut","d__Bacteria","p__Firmicutes_A","c__Clostridia","o__Oscillospirales","f__Acutalibacteraceae","g__unclassified","s__unclassified","t__unclassified","Aut","FALSE"
"49","t__4989","DESeq2_P1","Aut","d__Bacteria","p__Firmicutes_C","c__Negativicutes","o__Veillonellales","f__Dialisteraceae","g__Dialister","s__PROV_t__4989","t__4989","Aut","FALSE"
"50","CCGAGCGTTATCCGGATTTATTGGGTTTAAAGGGAGCGTAGGTGGATTGTTAAGTCAGTTGTGAAAGTTTGCGGCTCAACCGTAAAATTGCAGTTGAAACTGGTAGTCTTGAGTACAGTAGAGGTGGGCGGAATTCGTGGTGTAGCGGTGAAATGCTTAGATATCACGAAGAACTCCGATTGCGAAGGCAGCTCACTAGACTGTTACTGACACTGATGCTCGAAAGTGTGGGT","DESeq2_P2","Aut","d__Bacteria","p__Bacteroidota","c__Bacteroidia","o__Bacteroidales","f__Bacteroidaceae","g__Bacteroides","s__Bacteroides__ovatus","t__unclassified","Aut","FALSE"
"51","CCGGGCGTTATCCGGATTTATTGGGTTTAAAGGGAGCGTAGGCCGGAGATTAAGCGTGTTGTGAAATGTAGATGCTCAACATCTGCACTGCAGCGCGAACTGGTTTCCTTGAGTACGCACAAAGTGGGCGGAATTCGTGGTGTAGCGGTGAAATGCTTAGATATCACGAAGAACTCCGATTGCGAAGGCAGCTCACTGGAGCGCAACTGACGCTGAAGCTCGAAAGTGCGGGT","DESeq2_P2","Control","d__Bacteria","p__unclassified","c__unclassified","o__unclassified","f__unclassified","g__unclassified","s__unclassified","t__unclassified","Control","FALSE"
"52","GCAAGCGTTATCCGGAATTATTGGGCGTAAAGAGGGAGCAGGCGGCAGCAAGGGTCTGTGGTGAAAGCCTGAAGCTTAACTTCAGTAAGCCATAGAAACCAGGCAGCTAGAGTGCAGGAGAGGATCGTGGAATTCCATGTGTAGCGGTGAAATGCGTAGATATATGGAGGAACACCAGTGGCGAAGGCGACGATCTGGCCTGCAACTGACGCTCAGTCCCGAAAGCGTGGGG","DESeq2_P2","Aut","d__Bacteria","p__Firmicutes","c__Bacilli","o__Erysipelotrichales","f__Erysipelatoclostridiaceae","g__Erysipelatoclostridium","s__Erysipelatoclostridium__ramosum","t__unclassified","Aut","FALSE"
"53","GCAAGCGTTATCCGGATTTATTGGGTGTAAAGGGTGCGTAGACGGGAAATTAAGTTAGTTGTGAAATCCCTCGGCTTAACTGAGGAACTGCAACTAAAACTGGTTTTCTTGAGTGCTGGAGAGGAAAGTGGAATTCCTAGTGTAGCGGTGAAATGCGTAGATATTAGGAGGAACACCAGTGGCGAAGGCGACTTTCTGGACAGTAACTGACGTTGAGGCACGAAAGTGTGGGG","DESeq2_P2","Control","d__Bacteria","p__Firmicutes_A","c__unclassified","o__unclassified","f__unclassified","g__unclassified","s__unclassified","t__unclassified","Control","FALSE"
"54","GCGAGCGTTATCCGGAATCATTGGGCGTAAAGAGGGAGCAGGCGGCAATAGAGGTCTGCGGTGAAAGCCTGAAGCTAAACTTCAGTAAGCCGTGGAAACCAAATAGCTAGAGTGCAGTAGAGGATCGTGGAATTCCATGTGTAGCGGTGAAATGCGTAGATATATGGAGGAACACCAGTGGCGAAGGCGACGATCTGGGCTGCAACTGACGCTCAGTCCCGAAAGCGTGGGG","DESeq2_P2","Aut","d__Bacteria","p__Firmicutes","c__Bacilli","o__Erysipelotrichales","f__Erysipelatoclostridiaceae","g__Coprobacillus","s__Coprobacillus__cateniformis","t__unclassified","Aut","FALSE"
"55","GCAAGCGTTGTCCGGATTTACTGGGTGTAAAGGGTGCGTAGGCGGCTTTGCAAGTCAGATGTGAAATCTATGGGCTCAACCCATAAACTGCATTTGAAACTGTAGAGCTTGAGTGAAGTAGAGGCAGGTGGAATTCCCCGTGTAGCGGTGAAATGCGTAGAGATGGGGAGGAACACCAGTGGCGAAGGCGGCCTGCTGGGCTTTAACTGACGCTGAGGCACGAAAGCGTGGGT","DESeq2_P3","Aut","d__Bacteria","p__Firmicutes_A","c__Clostridia","o__Oscillospirales","f__Acutalibacteraceae","g__Ruminococcus_E","s__unclassified","t__unclassified","Aut","FALSE"
"56","ACAAGCGTTGTCCGGAATGACTGGGCGTAAAGGGCGCGTAGGCGGTCTATTAAGTCTGATGTGAAAGGTACCGGCTCAACCGGTGAAGTGCATTGGAAACTGGTAGACTTGAGTATTGGAGAGGCAAGTGGAATTCCTAGTGTAGCGGTGAAATGCGTAGATATTAGGAGGAACACCAGTGGCGAAGGCGGCTTGCTGGACAAATACTGACGCTGAGGTGCGAAAGCGTGGGG","DESeq2_All","Aut","d__Bacteria","p__Firmicutes_A","c__Clostridia","o__Eubacteriales","f__Eubacteriaceae","g__Eubacterium","s__unclassified","t__unclassified","Aut","FALSE"
"57","ACAAGCGTTGTCCGGAATTACTGGGTGTAAAGGGAGCGCAGGCGGGAAGACAAGTTGGAAGTGAAATCTATGGGCTCAACCCATAAACTGCTTTCAAAACTGTTTTTCTTGAGTAGTGCAGAGGTAGGCGGAATTCCCGGTGTAGCGGTGGAATGCGTAGATATCGGGAGGAACACCAGTGGCGAAGGCGGCCTACTGGGCACCAACTGACGCTGAGGCTCGAAAGTGTGGGT","DESeq2_All","Aut","d__Bacteria","p__Firmicutes_A","c__Clostridia","o__Oscillospirales","f__Ruminococcaceae","g__Faecalibacterium","s__unclassified","t__unclassified","Aut","FALSE"
"58","ACAAGCGTTGTCCGGAATTACTGGGTGTAAAGGGAGCGCAGGCGGGAGAACAAGTTGGAAGTGAAATCCATGGGCTCAACCCATGAACTGCTTTCAAAACTGTTTTTCTTGAGTAGTGCAGAGGTAGGCGGAATTCCCGGTGTAGCGGTGGAATGCGTAGATATCGGGAGGAACACCAGTGGCGAAGGCGGCCTACTGGGCACCAACTGACGCTGAGGCTCGAAAGTGTGGGT","DESeq2_All","Aut","d__Bacteria","p__Firmicutes_A","c__Clostridia","o__Oscillospirales","f__Ruminococcaceae","g__Faecalibacterium","s__unclassified","t__unclassified","Aut","FALSE"
"59","CCGAGCGTTATCCGGATTTATTGGGTTTAAAGGGAGCGTAGATGGATGTTTAAGTCAGTTGTGAAAGTTTGCGGCTCAACCGTAAAATTGCAGTTGATACTGGATGTCTTGAGTGCAGTTGAGGCAGGCGGAATTCGTGGTGTAGCGGTGAAATGCTTAGATATCACGAAGAACTCCGATTGCGAAGGCAGCCTGCTAAGCTGCAACTGACATTGAGGCTCGAAAGTGTGGGT","DESeq2_All","Aut","d__Bacteria","p__Bacteroidota","c__Bacteroidia","o__Bacteroidales","f__Bacteroidaceae","g__Bacteroides_B","s__unclassified","t__unclassified","Aut","FALSE"
"60","CCGAGCGTTATCCGGATTTATTGGGTTTAAAGGGAGCGTAGGCGGATTATTAAGTCAGTTGTGAAAGTTTGCGGCTCAACCGTAAAATTGCAGTTGATACTGGTAGTCTTGAGTGCAGCAGAGGTAGGCGGAATTCGTGGTGTAGCGGTGAAATGCTTAGATATCACGAAGAACTCCGATTGCGAAGGCAGCTTACTGGACTGTAACTGACGCTGATGCTCGAAAGTGTGGGT","DESeq2_All","Aut","d__Bacteria","p__Bacteroidota","c__Bacteroidia","o__Bacteroidales","f__Bacteroidaceae","g__Bacteroides","s__Bacteroides__intestinalis","t__unclassified","Aut","FALSE"
"61","CCGAGCGTTATCCGGATTTATTGGGTTTAAAGGGAGCGTAGGTGGATTGTTAAGTCAGTTGTGAAAGTTTGCGGCTCAACCGTAAAATTGCAGTTGAAACTGGCAGTCTTGAGTACAGTAGAGGTGGGCGGAATTCGTGGTGTAGCGGTGAAATGCTTAGATATCACGAAGAACTCCGATTGCGAAGGCAGCTCACTAGACTGTCACTGACACTGATGCTCGAAAGTGTGGGT","DESeq2_All","Aut","d__Bacteria","p__Bacteroidota","c__Bacteroidia","o__Bacteroidales","f__Bacteroidaceae","g__Bacteroides","s__Bacteroides__ovatus","t__unclassified","Aut","FALSE"
"62","CCGAGCGTTATCCGGATTTATTGGGTTTAAAGGGAGCGTAGGTGGATTGTTAAGTCAGTTGTGAAAGTTTGCGGCTCAACCGTAAAATTGCAGTTGAAACTGGCAGTCTTGAGTACAGTAGAGGTGGGCGGAATTCGTGGTGTAGCGGTGAAATGCTTAGATATCACGAAGAACTCCGATTGCGAAGGCAGCTCACTAGACTGTTACTGACACTGATGCTCGAAAGTGTGGGT","DESeq2_All","Aut","d__Bacteria","p__Bacteroidota","c__Bacteroidia","o__Bacteroidales","f__Bacteroidaceae","g__Bacteroides","s__Bacteroides__ovatus","t__unclassified","Aut","FALSE"
"63","CCGAGCGTTATCCGGATTTATTGGGTTTAAAGGGAGCGTAGGTGGATTGTTAAGTCAGTTGTGAAAGTTTGCGGCTCAACCGTAAAATTGCAGTTGAAACTGGGAGTCTTGAGTACAGTAGAGGTGGGCGGAATTCGTGGTGTAGCGGTGAAATGCTTAGATATCACGAAGAACTCCGATTGCGAAGGCAGCTCACTAGACTGTCACTGACACTGATGCTCGAAAGTGTGGGT","DESeq2_All","Aut","d__Bacteria","p__Bacteroidota","c__Bacteroidia","o__Bacteroidales","f__Bacteroidaceae","g__Bacteroides","s__Bacteroides__ovatus","t__unclassified","Aut","FALSE"
"64","CCGAGCGTTATCCGGATTTATTGGGTTTAAAGGGTGCGTAGGCGGTTTGATAAGTTAGAGGTGAAAGCTCGATGCTCAACATCGAAATTGCCTCTGATACTGTCAGACTAGAGTGTAGTTGCGGAAGGCGGAATGTGTGGTGTAGCGGTGAAATGCTTAGATATCACACAGAACACCGATTGCGAAGGCAGCTTTCCAAGCTATTACTGACGCTGAGGCACGAAAGCGTGGGT","DESeq2_All","Aut","d__Bacteria","p__Bacteroidota","c__Bacteroidia","o__Bacteroidales","f__Rikenellaceae","g__Alistipes_A","s__PROV_t__221653","t__unclassified","Aut","FALSE"
"65","CCGAGCGTTGTCCGGATTTATTGGGCGTAAAGGGAGCGCAGGCGGTCAGGAAAGTCTGGAGTAAAAGGCTATGGCTCAACCATAGTGTGCTCTGGAAACTGTCTGACTTGAGTGCAGAAGGGGAGAGTGGAATTCCATGTGTAGCGGTGAAATGCGTAGATATATGGAGGAACACCAGTGGCGAAAGCGGCTCTCTGGTCTGTCACTGACGCTGAGGCTCGAAAGCGTGGGT","DESeq2_All","Aut","d__Bacteria","p__Firmicutes","c__Bacilli","o__Lactobacillales","f__Streptococcaceae","g__Streptococcus","s__Streptococcus__mutans","t__unclassified","Aut","FALSE"
"66","GCAAGCGTTAATCGGAATTACTGGGCGTAAAGCGCACGCAGGCGGTTTGTTAAGTCAGATGTGAAATCCCCGGGCTCAACCTGGGAACTGCATCTGATACTGGCAAGCTTGAGTCTCGTAGAGGGGGGTAGAATTCCAGGTGTAGCGGTGAAATGCGTAGAGATCTGGAGGAATACCGGTGGCGAAGGCGGCCCCCTGGACGAAGACTGACGCTCAGGTGCGAAAGCGTGGGG","DESeq2_All","Aut","d__Bacteria","p__Proteobacteria","c__Gammaproteobacteria","o__Enterobacterales","f__Enterobacteriaceae","g__Escherichia","s__unclassified","t__unclassified","Aut","FALSE"
"67","GCAAGCGTTATCCGGAATTACTGGGTGTAAAGGGAGCGTAGGCGGCATGGTAAGCCAGATGTGAAAGCCTTGGGCTTAACCCGAGGATTGCATTTGGAACTATCAAGCTAGAGTACAGGAGAGGAAAGCGGAATTCCTAGTGTAGCGGTGAAATGCGTAGATATTAGGAAGAACACCAGTGGCGAAGGCGGCTTTCTGGACTGAAACTGACGCTGAGGCTCGAAAGCGTGGGG","DESeq2_All","Aut","d__Bacteria","p__Firmicutes_A","c__Clostridia","o__Lachnospirales","f__Anaerotignaceae","g__Anaerotignum","s__Anaerotignum__lactatifermentans","t__unclassified","Aut","FALSE"
"68","GCAAGCGTTATCCGGAATTACTGGGTGTAAAGGGTGCGTAGGTGGTATGGCAAGTCAGAAGTGAAAACCCAGGGCTTAACTCTGGGACTGCTTTTGAAACTGTCAGACTGGAGTGCAGGAGAGGTAAGCGGAATTCCTAGTGTAGCGGTGAAATGCGTAGATATTAGGAGGAACATCAGTGGCGAAGGCGGCTTACTGGACTGAAACTGACACTGAGGCACGAAAGCGTGGGG","DESeq2_All","Aut","d__Bacteria","p__Firmicutes_A","c__Clostridia","o__Lachnospirales","f__Lachnospiraceae","g__Anaerostipes","s__Anaerostipes__hadrus","t__unclassified","Aut","FALSE"
"69","GCAAGCGTTATCCGGATTTACTGGGTGTAAAGGGAGCGTAGACGGACTGGCAAGTCTGATGTGAAAACCCGGGGCTCAACCCCGGGACTGCATTGGAAACTGTCAGTCTAGAGTGTCGGAGGGGTAAGTGGAATTCCTAGTGTAGCGGTGAAATGCGTAGATATTAGGAGGAACACCAGTGGCGAAGGCGGCTTACTGGACGATAACTGACGTTGAGGCTCGAAAGCGTGGGG","DESeq2_All","Aut","d__Bacteria","p__Firmicutes_A","c__Clostridia","o__Lachnospirales","f__unclassified","g__unclassified","s__unclassified","t__unclassified","Aut","FALSE"
"70","GCAAGCGTTATCCGGATTTACTGGGTGTAAAGGGAGCGTAGACGGATGGGCAAGTCTGATGTGAAAACCCGGGGCTCAACCCCGGGACTGCATTGGAAACTGTTCATCTAGAGTGCTGGAGAGGTAAGTGGAATTCCTAGTGTAGCGGTGAAATGCGTAGATATTAGGAGGAACACCAGTGGCGAAGGCGGCTTACTGGACAGTAACTGACGTTGAGGCTCGAAAGCGTGGGG","DESeq2_All","Aut","d__Bacteria","p__Firmicutes_A","c__Clostridia","o__Lachnospirales","f__Lachnospiraceae","g__Faecalicatena","s__Faecalicatena__torques","t__unclassified","Aut","FALSE"
"71","GCAAGCGTTATCCGGATTTACTGGGTGTAAAGGGAGCGTAGACGGCAAGGCAAGTCTGAAGTGAAAGCCCGGTGCTTAACGCCGGGACTGCTTTGGAAACTGTTTGGCTGGAGTGCCGGAGAGGTAAGCGGAATTCCTAGTGTAGCGGTGAAATGCGTAGATATTAGGAAGAACACCAGTGGCGAAGGCGGCTTACTGGACGGTAACTGACGTTGAGGCTCGAAAGCGTGGGG","DESeq2_All","Aut","d__Bacteria","p__Firmicutes_A","c__Clostridia","o__Lachnospirales","f__Lachnospiraceae","g__unclassified","s__unclassified","t__unclassified","Aut","FALSE"
"72","GCAAGCGTTATCCGGATTTACTGGGTGTAAAGGGAGCGTAGACGGCAAGGCAAGTCTGATGTGAAAACCCAGGGCTTAACCCTGGGACTGCATTGGAAACTGTCTGGCTCGAGTGCCGGAGAGGTAAGCGGAATTCCTAGTGTAGCGGTGAAATGCGTAGATATTAGGAAGAACACCAGTGGCGAAGGCGGCTTACTGGACGGTAACTGACGTTGAGGCTCGAAAGCGTGGGG","DESeq2_All","Aut","d__Bacteria","p__Firmicutes_A","c__Clostridia","o__Lachnospirales","f__Lachnospiraceae","g__Fusicatenibacter","s__Fusicatenibacter__saccharivorans","t__unclassified","Aut","FALSE"
"73","GCAAGCGTTATCCGGATTTACTGGGTGTAAAGGGAGCGTAGACGGCATGACAAGCCAGATGTGAAAACCCAGGGCTCAACCCTGGGACTGCATTTGGAACTGCCAGGCTGGAGTGCAGGAGAGGTAAGCGGAATTCCTAGTGTAGCGGTGAAATGCGTAGATATTAGGAGGAACACCAGTGGCGAAGGCGGCTTACTGGACTGTAACTGACGTTGAGGCTCGAAAGCGTGGGG","DESeq2_All","Aut","d__Bacteria","p__Firmicutes_A","c__Clostridia","o__Lachnospirales","f__Lachnospiraceae","g__Eisenbergiella","s__Eisenbergiella__massiliensis","t__unclassified","Aut","FALSE"
"74","GCAAGCGTTATCCGGATTTACTGGGTGTAAAGGGAGCGTAGACGGCATGGCAAGTCTGAAGTGAAAGCCCGGGGCTCAACCCCGGGACTGCTTTGGAAACTGTCAGGCTAGAGTGCTGGAGAGGTAAGTGGAATTCCTAGTGTAGCGGTGAAATGCGTAGATATTAGGAGGAACACCAGTGGCGAAGGCGGCTTACTGGACAGTGACTGACGTTGAGGCTCGAAAGCGTGGGG","DESeq2_All","Aut","d__Bacteria","p__Firmicutes_A","c__Clostridia","o__Lachnospirales","f__Lachnospiraceae","g__unclassified","s__unclassified","t__unclassified","Aut","FALSE"
"75","GCAAGCGTTATCCGGATTTACTGGGTGTAAAGGGAGCGTAGACGGCGAAGCAAGTCTGAAGTGAAAACCCAGGGCTCAACCCTGGGACTGCTTTGGAAACTGTTTTGCTAGAGTGTCGGAGAGGTAAGTGGAATTCCTAGTGTAGCGGTGAAATGCGTAGATATTAGGAGGAACACCAGTGGCGAAGGCGGCTTACTGGACGATAACTGACGTTGAGGCTCGAAAGCGTGGGG","DESeq2_All","Aut","d__Bacteria","p__Firmicutes_A","c__Clostridia","o__Lachnospirales","f__Lachnospiraceae","g__Clostridium_M","s__unclassified","t__unclassified","Aut","FALSE"
"76","GCAAGCGTTATCCGGATTTACTGGGTGTAAAGGGAGCGTAGACGGCGATGCAAGCCAGATGTGAAAGCCCGGGGCTCAACCCCGGGACTGCATTTGGAACTGCGTGGCTGGAGTGTCGGAGAGGCAGGCGGAATTCCTAGTGTAGCGGTGAAATGCGTAGATATTAGGAGGAACACCAGTGGCGAAGGCGGCCTGCTGGACGATGACTGACGTTGAGGCTCGAAAGCGTGGGG","DESeq2_All","Aut","d__Bacteria","p__Firmicutes_A","c__Clostridia","o__Lachnospirales","f__Lachnospiraceae","g__Dorea","s__Dorea__scindens","t__unclassified","Aut","FALSE"
"77","GCAAGCGTTATCCGGATTTACTGGGTGTAAAGGGAGCGTAGACGGCTGTGCAAGTCTGAAGTGAAAGGCATGGGCTCAACCTGTGGACTGCTTTGGAAACTGTGCAGCTAGAGTGTCGGAGAGGTAAGTGGAATTCCTAGTGTAGCGGTGAAATGCGTAGATATTAGGAGGAACACCAGTGGCGAAGGCGGCTTACTGGACGATGACTGACGTTGAGGCTCGAAAGCGTGGGG","DESeq2_All","Aut","d__Bacteria","p__Firmicutes_A","c__Clostridia","o__Lachnospirales","f__Lachnospiraceae","g__Dorea","s__Dorea__formicigenerans","t__unclassified","Aut","FALSE"
"78","GCAAGCGTTATCCGGATTTACTGGGTGTAAAGGGAGCGTAGACGGTTAAGCAAGTCTGAAGTGAAAGCCCGGGGCTCAACCCCGGTACTGCTTTGGAAACTGTTTGACTTGAGTGCAGGAGAGGTAAGTGGAATTCCTAGTGTAGCGGTGAAATGCGTAGATATTAGGAGGAACACCAGTGGCGAAGGCGGCTTACTGGACTGTAACTGACGTTGAGGCTCGAAAGCGTGGGG","DESeq2_All","Aut","d__Bacteria","p__Firmicutes_A","c__Clostridia","o__Lachnospirales","f__Lachnospiraceae","g__Hungatella","s__Hungatella__effluvii","t__unclassified","Aut","FALSE"
"79","GCAAGCGTTATCCGGATTTACTGGGTGTAAAGGGAGCGTAGACGGTTGTGTAAGTCTGATGTGAAAGCCCGGGGCTCAACCCCGGGACTGCATTGGAAACTATGTAACTAGAGTGTCGGAGAGGTAAGCGGAATTCCTAGTGTAGCGGTGAAATGCGTAGATATTAGGAGGAACACCAGTGGCGAAGGCGGCTTACTGGACGATCACTGACGTTGAGGCTCGAAAGCGTGGGG","DESeq2_All","Aut","d__Bacteria","p__Firmicutes_A","c__Clostridia","o__Lachnospirales","f__Lachnospiraceae","g__Tyzzerella","s__Tyzzerella__nexilis","t__unclassified","Aut","FALSE"
"80","GCAAGCGTTATCCGGATTTACTGGGTGTAAAGGGAGTGTAGGTGGCCATGCAAGTCAGAAGTGAAAATCCGGGGCTCAACCCCGGAACTGCTTTTGAAACTGTAAGGCTAGAGTGCAGGAGGGGTGAGTGGAATTCCTAGTGTAGCGGTGAAATGCGTAGATATTAGGAGGAACACCAGTGGCGAAGGCGGCTCACTGGACTGTAACTGACACTGAGGCTCGAAAGCGTGGGG","DESeq2_All","Aut","d__Bacteria","p__Firmicutes_A","c__Clostridia","o__Lachnospirales","f__Lachnospiraceae","g__Lachnospira","s__unclassified","t__unclassified","Aut","FALSE"
"81","GCAAGCGTTATCCGGATTTACTGGGTGTAAAGGGCGTGTAGGCGGGACTGCAAGTCAGATGTGAAAACTATGAGCTCAACTCATAGCCTGCATTTGAAACTGTAGTTCTTGAGTGCTGGAGAGGCAATCGGAATTCCGTGTGTAGCGGTGAAATGCGTAGATATACGGAGGAACACCAGTGGCGAAGGCGGATTGCTGGACAGTAACTGACGCTGAGGCGCGAAAGCGTGGGG","DESeq2_All","Aut","d__Bacteria","p__Firmicutes_A","c__Clostridia","o__Oscillospirales","f__Oscillospiraceae","g__unclassified","s__unclassified","t__unclassified","Aut","FALSE"
"82","GCAAGCGTTGTCCGGAATTACTGGGTGTAAAGGGAGCGCAGGCGGATTGGCAAGTTGGGAGTGAAATCTATGGGCTCAACCCATAAATTGCTTTCAAAACTGTCAGTCTTGAGTGGTGTAGAGGTAGGCGGAATTCCCGGTGTAGCGGTGGAATGCGTAGATATCGGGAGGAACACCAGTGGCGAAGGCGGCCTACTGGGCACTAACTGACGCTGAGGCTCGAAAGCATGGGT","DESeq2_All","Aut","d__Bacteria","p__Firmicutes_A","c__Clostridia","o__Oscillospirales","f__Ruminococcaceae","g__Ruthenibacterium","s__Ruthenibacterium__lactatiformans","t__unclassified","Aut","FALSE"
"83","GCAAGCGTTGTCCGGAATTACTGGGTGTAAAGGGAGCGCAGGCGGGTCGGTAAGTTGGGAGTGAAAACTATGGGCTCAACCCATAAATTGCTTTCAAAACTGCTGATCTTGAGTGGTGTAGAGGTAGGCGGAATTCCCGGTGTAGCGGTGGAATGCGTAGATATCGGGAGGAACACCAGTGGCGAAGGCGGCCTACTGGGCACTAACTGACGCTGAGGCTCGAAAGCATGGGT","DESeq2_All","Aut","d__Bacteria","p__Firmicutes_A","c__Clostridia","o__Oscillospirales","f__Ruminococcaceae","g__Ruthenibacterium","s__unclassified","t__unclassified","Aut","FALSE"
"84","GCAAGCGTTGTCCGGAATTACTGGGTGTAAAGGGAGCGTAGGCGGGCAGGCAAGTCAGGCGTGAAATATATCGGCTCAACCGGTAACGGCGCTTGAAACTGCAGGTCTTGAGTGAAGTAGAGGTTGGCGGAATTCCTAGTGTAGCGGTGAAATGCGTAGATATTAGGAGGAACACCAGTGGCGAAGGCGGCCAACTGGGCTTTTACTGACGCTGAGGCTCGAAAGTGTGGGG","DESeq2_All","Aut","d__Bacteria","p__Firmicutes_A","c__Clostridia","o__Oscillospirales","f__Ruminococcaceae","g__unclassified","s__unclassified","t__unclassified","Aut","FALSE"
"85","GCAAGCGTTGTCCGGAATTATTGGGCGTAAAGCGCGCGCAGGCGGTTTCATAAGTCTGTCTTAAAAGTGCGGGGCTTAACCCCGTGAGGGGATGGAAACTATGGAACTGGAGTATCGGAGAGGAAAGCGGAATTCCTAGTGTAGCGGTGAAATGCGTAGATATTAGGAAGAACACCAGTGGCGAAGGCGGCTTTCTGGACGACAACTGACGCTGAGGCGCGAAAGCCAGGGG","DESeq2_All","Control","d__Bacteria","p__Firmicutes_C","c__Negativicutes","o__Veillonellales","f__Veillonellaceae","g__Veillonella_A","s__Veillonella_A__seminalis","t__unclassified","Control","FALSE"
"86","GCAAGCGTTGTCCGGATTTACTGGGTGTAAAGGGCGTGTAGCCGGGGAGACAAGTCAGATGTGAAATCTGGAGGCTCAACCTCCAAACTGCATTTGAAACTGTTTCTCTTGAGTATCGGAGAGGTAATCGGAATTCCTAGTGTAGCGGTGAAATGCGTAGATATTAGGAAGAACACCAGTGGCGAAGGCGGATTACTGGACGACAACTGACGGTGAGGCGCGAAAGCGTGGGG","DESeq2_All","Aut","d__Bacteria","p__Firmicutes_A","c__Clostridia","o__Oscillospirales","f__Oscillospiraceae","g__Oscillibacter","s__unclassified","t__unclassified","Aut","FALSE"
"87","GCAAGCGTTGTCCGGATTTACTGGGTGTAAAGGGCGTGTAGGCGGAGATGCAAGTCAGATGTGAAATCCTCGGGCTTAACCCGGGAACTGCATTTGAAACTGTATCCCTTGAGTATCGGAGAGGCAGGCGGAATTCCTAGTGTAGCGGTGAAATGCGTAGATATTAGGAGGAACACCAGTGGCGAAGGCGGCCTGCTGGACGACAACTGACGCTGAGGCGCGAAAGCGTGGGG","DESeq2_All","Aut","d__Bacteria","p__Firmicutes_A","c__Clostridia","o__Oscillospirales","f__Oscillospiraceae","g__unclassified","s__unclassified","t__unclassified","Aut","FALSE"
"88","GCAAGCGTTGTCCGGATTTACTGGGTGTAAAGGGCGTGTAGGCGGGAGAGCAAGTCAGAAGTGAAATCTATGGGCTTAACCCATAAACTGCTTTTGAAACTGTTCTTCTTGAGTATCGGAGAGGCAGGCGGAATTCCTAGTGTAGCGGTGAAATGCGTAGATATTAGGAGGAACACCAGTGGCGAAGGCGGCCTGCTGGACGACAACTGACGCTGAGGCGCGAAAGCGTGGGG","DESeq2_All","Aut","d__Bacteria","p__Firmicutes_A","c__Clostridia","o__Oscillospirales","f__Oscillospiraceae","g__unclassified","s__unclassified","t__unclassified","Aut","FALSE"
"89","GCAAGCGTTGTCCGGATTTATTGGGCGTAAAGCGAGCGCAGGCGGTTTTTTAAGTCTGATGTGAAAGCCTTCGGCTCAACCGAAGAAGTGCATCGGAAACTGGGAAACTTGAGTGCAGAAGAGGACAGTGGAACTCCATGTGTAGCGGTGAAATGCGTAGATATATGGAAGAACACCAGTGGCGAAGGCGGCTGTCTGGTCTGTAACTGACGCTGAGGCTCGAAAGTATGGGT","DESeq2_All","Aut","d__Bacteria","p__Firmicutes","c__Bacilli","o__Lactobacillales","f__Lactobacillaceae","g__Lactobacillus_F","s__unclassified","t__unclassified","Aut","FALSE"
"90","GCAAGCGTTGTTCGGAATTACTGGGCGTAAAGGGAGTGTAGGCGGTTATGTAAGATAGTGGTGAAATCCCAGAGCTTAACTTTGGAATTGCCATTATGACTATGTGGCTAGAATTACAGAGAGGATAGTGGAATACCCAGTGTAGAGGTGAAATTCGTAGATATTGGGTAGAACACCAGTGGCGAAGGCGACTATCTGGCTGTATATTGACGCTGAGGCTCGAAAGCATGGGG","DESeq2_All","Aut","d__Bacteria","p__Proteobacteria","c__Alphaproteobacteria","o__unclassified","f__unclassified","g__unclassified","s__unclassified","t__unclassified","Aut","FALSE"
"91","GCGAGCGTTAATCGGAATTACTGGGCGTAAAGGGTGCGCAGGCGGTTGAGTAAGACAGATGTGAAATCCCCGAGCTTAACTCGGGAATGGCATATGTGACTGCTCGACTAGAGTGTGTCAGAGGGAGGTGGAATTCCACGTGTAGCAGTGAAATGCGTAGATATGTGGAAGAACACCGATGGCGAAGGCAGCCTCCTGGGACATAACTGACGCTCAGGCACGAAAGCGTGGGG","DESeq2_All","Aut","d__Bacteria","p__Proteobacteria","c__Gammaproteobacteria","o__Burkholderiales","f__Burkholderiaceae","g__Parasutterella","s__Parasutterella__excrementihominis","t__unclassified","Aut","FALSE"
"92","GCGAGCGTTATCCGGAATCATTGGGCGTAAAGGGTGCGTAGGTGGCACGATAAGTCTGTAGTAAAAGGCAGCGGCTCAACCGCTGTTGGCTATGGAAACTGTCGAGCTGGAGTGCAGAAGAGGGCGATGGAATTCCATGTGTAGCGGTAAAATGCGTAGATATATGGAGGAACACCAGTGGCGAAGGCGGCCGCCTGGTCTGCAACTGACACTGAAGCACGAAAGCGTGGGG","DESeq2_All","Aut","d__Bacteria","p__Firmicutes","c__Bacilli","o__Erysipelotrichales","f__Erysipelotrichaceae","g__unclassified","s__unclassified","t__unclassified","Aut","FALSE"
"93","GCGAGCGTTATCCGGAATTATTGGGCGTAAAGAGGGAGCAGGCGGCGGCAGAGGTCTGTGGTGAAAGACTGAAGCTTAACTTCAGTAAGCCATAGAAACCGGGCTGCTAGAGTGCAGGAGAGGATCGTGGAATTCCATGTGTAGCGGTGAAATGCGTAGATATATGGAGGAACACCAGTGGCGAAGGCGACGGTCTGGCCTGTAACTGACGCTCATTCCCGAAAGCGTGGGG","DESeq2_All","Aut","d__Bacteria","p__Firmicutes","c__Bacilli","o__Erysipelotrichales","f__Erysipelatoclostridiaceae","g__Erysipelatoclostridium","s__Erysipelatoclostridium__spiroforme","t__unclassified","Aut","FALSE"
"94","GCGAGCGTTATCCGGAATTATTGGGTGTAAAGGGTGCGTAGACGGGAGAACAAGTTAGTTGTGAAATACCTCGGCTCAACTGAGGAACTGCAACTAAAACTGTACTTCTTGAGTGCAGGAGAGGTAAGTGGAATTCCTAGTGTAGCGGTGAAATGCGTAGATATTAGGAGGAACACCAGTGGCGAAGGCGACTTACTGGACTGTAACTGACGTTGAGGCACGAAAGTGTGGGG","DESeq2_All","Aut","d__Bacteria","p__Firmicutes_A","c__Clostridia","o__unclassified","f__unclassified","g__unclassified","s__unclassified","t__unclassified","Aut","FALSE"
"95","GCGAGCGTTATCCGGATTCATTGGGCGTAAAGAGCGCGTAGGCGGCCTCTCAAGCGGGATCTCTAATCCGAGGGCTCAACCCCCGGCCGGATCCCGAACTGGGAGGCTCGAGTTCGGTAGAGGCAGGCGGAATTCCCGGTGTAGCGGTGGAATGCGCAGATATCGGGAAGAACACCGATGGCGAAGGCAGCCTGCTGGGCCGCAACTGACGCTGAGGCGCGAAAGCTAGGGG","DESeq2_All","Aut","d__Bacteria","p__Actinobacteriota","c__Coriobacteriia","o__Coriobacteriales","f__Eggerthellaceae","g__Eggerthella","s__Eggerthella__lenta","t__unclassified","Aut","FALSE"
"96","GCGAGCGTTGTCCGGAATGATTGGGCGTAAAGGGCGCGTAGGCGGCCTGCTAAGTCTGGAGTGAAAGTCCTGCTTTCAAGGTGGGAATTGCTTTGGATACTGGTGGGCTGGAGTGCAGGAGAGGAAAGCGGAATTACCGGTGTAGCGGTGAAATGCGTAGAGATCGGTAGGAACACCAGTGGCGAAGGCGGCTTTCTGGACTGAAACTGACGCTGAGGCGCGAAAGCGTGGGG","DESeq2_All","Aut","d__Bacteria","p__Firmicutes_A","c__Clostridia","o__Christensenellales","f__PROV_t__125037","g__PROV_t__256791","s__PROV_t__256791","t__unclassified","Aut","FALSE"
"97","GCGAGCGTTGTCCGGAATTACTGGGCGTAAAGGGCGCGTAGGCGGCCAATTAAGTTAGATGTGAAATCCCCGGGCTTAACCTGGGTGTTGCATTTAAAACTGATAGGCTTGAGTGCAGGAGAGGGAAGCGGAATTCCTAGTGTAGCGGTGGAATGCGTAGATATTAGGAGGAACACCAGTGGCGAAGGCGGCTTTCTGGACTGTAACTGACGCTGAGGCGCGAGAGCGTGGGG","DESeq2_All","Aut","d__Bacteria","p__Firmicutes_A","c__Clostridia","o__unclassified","f__unclassified","g__unclassified","s__unclassified","t__unclassified","Aut","FALSE"
"98","GCGAGCGTTGTCCGGAATTACTGGGCGTAAAGGGTGCGTAGGCGGTTTGGTAAGTCAGATGTGAAATACCCGGGCTTAACCCGGGGGCTGCATCTGATACTGTCAGACTTGAGTGCAGGAGAGGAAAGCGGAATTCCTAGTGTAGCGGTGAAATGCGTAGATATTAGGAGGAACACCAGTGGCGAAGGCGGCTTTCTGGACTGTAACTGACGCTGAGGCACGAAAGCGTGGGG","DESeq2_All","Aut","d__Bacteria","p__Firmicutes_A","c__Clostridia","o__unclassified","f__unclassified","g__unclassified","s__unclassified","t__unclassified","Aut","FALSE"
"99","GCGAGCGTTGTCCGGATTTACTGGGCGTAAAGGGAGCGTAGGCGGATTTTTAAGTGAGATGTGAAATACTCGGGCTTAACCTGAGTGCTGCATTTCAAACTGGAAGTCTAGAGTGCAGGAGAGGAGAAGGGAATTCCTAGTGTAGCGGTGAAATGCGTAGAGATTAGGAAGAACACCAGTGGCGAAGGCGCTTCTCTGGACTGTAACTGACGCTGAGGCTCGAAAGCGTGGGG","DESeq2_All","Aut","d__Bacteria","p__Firmicutes_A","c__Clostridia","o__Clostridiales","f__Clostridiaceae","g__Clostridium","s__unclassified","t__unclassified","Aut","FALSE"
"100","GCGAGCGTTGTCCGGATTTACTGGGTGTAAAGGGTGCGTAGGCGGATAGGCAAGTCAGTGGTGAAATCTATGGGCTTAACCCATAAACTGCCATTGAAACTGTTTATCTTGAGTGGAGTAGAGGCAGGCGGAATTCCCGGTGTAGCGGTGAAATGCGTAGAGATCGGGAGGAACACCAGTGGCGAAGGCGGCCTGCTGGGCTTTAACTGACGCTGAGGCACGAAAGTGTGGGT","DESeq2_All","Aut","d__Bacteria","p__Firmicutes_A","c__Clostridia","o__Oscillospirales","f__Acutalibacteraceae","g__unclassified","s__unclassified","t__unclassified","Aut","FALSE"
"101","GCGAGCGTTGTCCGGATTTACTGGGTGTAAAGGGTGCGTAGGCGGGATGGCAAGTCAGATGTGAAATACCGGGGCTTAACTCCGGGGCTGCATTTGAAACTGTCGTTCTTGAGTGAAGTAGAGGCAGGCGGAATTCCTAGTGTAGCGGTGAAATGCGTAGATATTAGGAGGAACACCAGTGGCGAAGGCGGCCTGCTGGGCTTTAACTGACGCTGAGGCACGAAAGCATGGGG","DESeq2_All","Aut","d__Bacteria","p__Firmicutes_A","c__Clostridia","o__unclassified","f__unclassified","g__unclassified","s__unclassified","t__unclassified","Aut","FALSE"
"102","GCGAGCGTTGTTCGGATTTATTGGGCGTAAAGGGTCCGCAGGGGGTTGATTAAGTCTGACGTGAAATCCCTGAGCTTAACTCAGGAACTGCGTTGGAGACTGGTTGACTAGAGTGTTGGAGAGGTGATTGGAATTCCAGGTGTAGCGGTGGAATGCGTAGATATCTGGAAGAACATCGAAAGCGAAGGCAGATCACTGGACAATGACTGACCCTCAGGGACGAAAGCATGGGG","DESeq2_All","Aut","d__Bacteria","p__unclassified","c__unclassified","o__unclassified","f__unclassified","g__unclassified","s__unclassified","t__unclassified","Aut","FALSE"
"103","t__123373","DESeq2_All","Aut","d__Bacteria","p__Firmicutes_A","c__Clostridia","o__Oscillospirales","f__Oscillospiraceae","g__Lawsonibacter","s__PROV_t__123373","t__123373","Aut","FALSE"
"104","t__186117","DESeq2_All","Aut","d__Bacteria","p__Firmicutes_A","c__Clostridia","o__Christensenellales","f__PROV_t__125037","g__PROV_t__186117","s__PROV_t__186117","t__186117","Aut","FALSE"
"105","t__194986","DESeq2_All","Aut","d__Bacteria","p__Firmicutes_A","c__Clostridia","o__Peptostreptococcales","f__Peptostreptococcaceae","g__Romboutsia","s__Romboutsia__timonensis","t__194986","Aut","FALSE"
"106","t__246232","DESeq2_All","Aut","d__Bacteria","p__Firmicutes_A","c__Clostridia","o__Oscillospirales","f__Oscillospiraceae","g__Lawsonibacter","s__PROV_t__246232","t__246232","Aut","FALSE"
"107","t__258134","DESeq2_All","Aut","d__Bacteria","p__Firmicutes_A","c__Clostridia","o__Lachnospirales","f__Lachnospiraceae","g__Ruminococcus_A","s__PROV_t__258134","t__258134","Aut","FALSE"
"108","t__73700","DESeq2_All","Aut","d__Bacteria","p__Firmicutes_A","c__Clostridia","o__Lachnospirales","f__Lachnospiraceae","g__Lactonifactor","s__Lactonifactor__longoviformis","t__73700","Aut","FALSE"
"109","t__80573","DESeq2_All","Aut","d__Bacteria","p__Bacteroidota","c__Bacteroidia","o__Bacteroidales","f__Rikenellaceae","g__Alistipes","s__Alistipes__putredinis","t__80573","Aut","FALSE"
"110","TCAAGCGTTATCCGGATTTATTGGGTTTAAAGGGTGCGTAGGCGGTTTGATAAGTTAGAGGTGAAATCCCGGGGCTTAACTCCGGAACTGCCTCTAATACTGTTAGACTAGAGAGTAGTTGCGGTAGGCGGAATGTATGGTGTAGCGGTGAAATGCTTAGAGATCATACAGAACACCGATTGCGAAGGCAGCTTACCAAACTATATCTGACGTTGAGGCACGAAAGCGTGGGG","DESeq2_All","Aut","d__Bacteria","p__Bacteroidota","c__Bacteroidia","o__Bacteroidales","f__Rikenellaceae","g__Alistipes","s__Alistipes__onderdonkii","t__unclassified","Aut","FALSE"
"111","ACAAGCGTTGTCCGGAATTACTGGGTGTAAAGGGAGCGCAGGCGGGAAGACAAGTTGGAAGTGAAATCTATGGGCTTAACCCATAAACTGCTTTCAAAACTGTTTTTCTTGAGTAGTGCAGAGGTAGGCGGAATTCCCGGTGTAGCGGTGGAATGCGTAGATATCGGGAGGAACACCAGTGGCGAAGGCGGCCTACTGGGCACCAACTGACGCTGAGGCTCGAAAGTGTGGGT","DESeq2_P2DESeq2_All","AutAut","d__Bacteria","p__Firmicutes_A","c__Clostridia","o__Oscillospirales","f__Ruminococcaceae","g__Faecalibacterium","s__unclassified","t__unclassified","Aut","FALSE"
"112","ACAAGCGTTGTCCGGATTTACTGGGTGTAAAGGGCGCGTAGGCGGACTGTCAAGTCAGTCGTGAAATACCGGGGCTTAACCCCGGGGCTGCGATTGAAACTGACAGCCTTGAGTATCGGAGAGGAAAGCGGAATTCCTAGTGTAGCGGTGAAATGCGTAGATATTAGGAGGAACACCAGTGGCGAAGGCGGCTTTCTGGACGACAACTGACGCTGAGGCGCGAAAGTGTGGGG","DESeq2_P2DESeq2_All","AutAut","d__Bacteria","p__Firmicutes_A","c__Clostridia","o__unclassified","f__unclassified","g__unclassified","s__unclassified","t__unclassified","Aut","FALSE"
"113","GCAAGCGTTATCCGGAATTACTGGGTGTAAAGGGTGCGTAGGTGGCATGGTAAGTCAGAAGTGAAAGCCCGGGGCTTAACCCCGGGACTGCTTTTGAAACTGTCATGCTGGAGTGCAGGAGAGGTAAGCGGAATTCCTAGTGTAGCGGTGAAATGCGTAGATATTAGGAGGAACACCAGTGGCGAAGGCGGCTTACTGGACTGTCACTGACACTGATGCACGAAAGCGTGGGG","DESeq2_P2DESeq2_All","AutAut","d__Bacteria","p__Firmicutes_A","c__Clostridia","o__Lachnospirales","f__Lachnospiraceae","g__Anaerostipes","s__unclassified","t__unclassified","Aut","FALSE"
"114","GCAAGCGTTATCCGGATTTACTGGGTGTAAAGGGAGCGTAGACGGCGACGCAAGTCTGAAGTGAAATACCCGGGCTCAACCTGGGAACTGCTTTGGAAACTGTGTTGCTAGAGTGCTGGAGAGGTAAGCGGAATTCCTAGTGTAGCGGTGAAATGCGTAGATATTAGGAAGAACACCAGTGGCGAAGGCGGCTTACTGGACAGTAACTGACGTTGAGGCTCGAAAGCGTGGGG","DESeq2_P1DESeq2_All","AutAut","d__Bacteria","p__Firmicutes_A","c__Clostridia","o__Lachnospirales","f__Lachnospiraceae","g__unclassified","s__unclassified","t__unclassified","Aut","FALSE"
"115","GCAAGCGTTATCCGGATTTACTGGGTGTAAAGGGAGCGTAGACGGTAAAGCAAGTCTGAAGTGAAAGCCCGCGGCTCAACTGCGGGACTGCTTTGGAAACTGTTTAACTGGAGTGTCGGAGAGGTAAGTGGAATTCCTAGTGTAGCGGTGAAATGCGTAGATATTAGGAGGAACACCAGTGGCGAAGGCGACTTACTGGACGATAACTGACGTTGAGGCTCGAAAGCGTGGGG","DESeq2_P1DESeq2_P2DESeq2_All","AutAutAut","d__Bacteria","p__Firmicutes_A","c__Clostridia","o__Lachnospirales","f__Lachnospiraceae","g__Clostridium_Q","s__Clostridium_Q__symbiosum","t__unclassified","Aut","FALSE"
"116","GCAAGCGTTATCCGGATTTACTGGGTGTAAAGGGAGCGTAGACGGTTATGTAAGTCTGATGTGAAAACCCGGGGCTCAACCCCGGGACTGCATTGGAAACTATGTAACTAGAGTGTCGGAGAGGTAAGTGGAATTCCTAGTGTAGCGGTGAAATGCGTAGATATTAGGAGGAACACCAGTGGCGAAGGCGGCTTACTGGACGATGACTGACGTTGAGGCTCGAAAGCGTGGGG","DESeq2_P1DESeq2_All","AutAut","d__Bacteria","p__Firmicutes_A","c__Clostridia","o__Lachnospirales","f__Lachnospiraceae","g__Faecalicatena","s__unclassified","t__unclassified","Aut","FALSE"
"117","GCAAGCGTTATCCGGATTTACTGGGTGTAAAGGGCGTGTAGGCGGGAGTGCAAGTCAGATGTGAAAACTATGGGCTCAACCCATAGCCTGCATTTGAAACTGTACTTCTTGAGTGATGGAGAGGCAGGCGGAATTCCCTGTGTAGCGGTGAAATGCGTAGATATAGGGAGGAACACCAGTGGCGAAGGCGGCCTGCTGGACATTAACTGACGCTGAGGCGCGAAAGCGTGGGG","DESeq2_P1DESeq2_All","AutAut","d__Bacteria","p__Firmicutes_A","c__Clostridia","o__Oscillospirales","f__Oscillospiraceae","g__Intestinimonas","s__Intestinimonas__butyriciproducens","t__unclassified","Aut","FALSE"
"118","GCAAGCGTTATCCGGATTTACTGGGTGTAAAGGGCGTGTAGGCGGGATTGCAAGTCAGATGTGAAAACTGGGGGCTCAACCTCCAGCCTGCATTTGAAACTGTAGTTCTTGAGTGCTGGAGAGGCAATCGGAATTCCGTGTGTAGCGGTGAAATGCGTAGATATACGGAGGAACACCAGTGGCGAAGGCGGATTGCTGGACAGTAACTGACGCTGAGGCGCGAAAGCGTGGGG","DESeq2_P1DESeq2_All","AutAut","d__Bacteria","p__Firmicutes_A","c__Clostridia","o__Oscillospirales","f__Oscillospiraceae","g__Flavonifractor","s__unclassified","t__unclassified","Aut","FALSE"
"119","GCAAGCGTTGTCCGGATTTACTGGGTGTAAAGGGCGTGCAGCCGGGCCGGCAAGTCAGATGTGAAATCTGGAGGCTTAACCTCCAAACTGCATTTGAAACTGTAGGTCTTGAGTACCGGAGAGGTTATCGGAATTCCTTGTGTAGCGGTGAAATGCGTAGATATAAGGAAGAACACCAGTGGCGAAGGCGGATAACTGGACGGCAACTGACGGTGAGGCGCGAAAGCGTGGGG","DESeq2_P1DESeq2_All","AutAut","d__Bacteria","p__Firmicutes_A","c__Clostridia","o__Oscillospirales","f__Oscillospiraceae","g__Oscillibacter","s__PROV_t__114722","t__unclassified","Aut","FALSE"
"120","GCAAGCGTTGTCCGGATTTACTGGGTGTAAAGGGCGTGCAGCCGGGCTGGCAAGTCAGGCGTGAAATCCCAGGGCTCAACCCTGGAACTGCGTTTGAAACTGCTGGTCTTGAGTACCGGAGAGGTCATCGGAATTCCTTGTGTAGCGGTGAAATGCGTAGATATAAGGAAGAACACCAGTGGCGAAGGCGGATGACTGGACGGCAACTGACGGTGAGGCGCGAAAGCGTGGGG","DESeq2_P2DESeq2_All","AutAut","d__Bacteria","p__Firmicutes_A","c__Clostridia","o__Oscillospirales","f__Oscillospiraceae","g__Oscillibacter","s__PROV_t__167149","t__unclassified","Aut","FALSE"
"121","GCGAGCGTTGTCCGGATTTACTGGGCGTAAAGGGAGCGTAGGCGGACTTTTAAGTGAGATGTGAAATACCCGGGCTCAACTTGGGTGCTGCATTTCAAACTGGAAGTCTAGAGTGCAGGAGAGGAGAATGGAATTCCTAGTGTAGCGGTGAAATGCGTAGAGATTAGGAAGAACACCAGTGGCGAAGGCGATTCTCTGGACTGTAACTGACGCTGAGGCTCGAAAGCGTGGGG","DESeq2_P1DESeq2_All","AutAut","d__Bacteria","p__Firmicutes_A","c__Clostridia","o__Clostridiales","f__unclassified","g__unclassified","s__unclassified","t__unclassified","Aut","FALSE"
"122","GCTAGCGTTATCCGGATTTACTGGGCGTAAAGGGTGCGTAGGCGGTCTTTTAAGTCAGGAGTGAAAGGCTACGGCTCAACCGTAGTAAGCTCTTGAAACTGGAGGACTTGAGTGCAGGAGAGGAGAGTGGAATTCCTAGTGTAGCGGTGAAATGCGTAGATATTAGGAGGAACACCAGTAGCGAAGGCGGCTCTCTGGACTGTAACTGACGCTGAGGCACGAAAGCGTGGGG","DESeq2_P1DESeq2_P2DESeq2_All","AutAutAut","d__Bacteria","p__Firmicutes_A","c__Clostridia","o__Peptostreptococcales","f__Peptostreptococcaceae","g__Intestinibacter","s__Intestinibacter__bartlettii","t__unclassified","Aut","FALSE"
"123","t__42395","DESeq2_P1DESeq2_P2DESeq2_All","AutAutAut","d__Bacteria","p__Firmicutes_C","c__Negativicutes","o__Acidaminococcales","f__Acidaminococcaceae","g__Phascolarctobacterium_A","s__Phascolarctobacterium_A__succinatutens","t__42395","Aut","FALSE"
"124","CCGAGCGTTATCCGGATTTATTGGGTTTAAAGGGAGCGTAGGTGGACAGTTAAGTCAGTTGTGAAAGTTTGCGGCTCAACCGTAAAATTGCAGTTGATACTGGCTGTCTTGAGTACAGTAGAGGTGGGCGGAATTCGTGGTGTAGCGGTGAAATGCTTAGATATCACGAAGAACTCCGATTGCGAAGGCAGCTCACTGGACTGCAACTGACACTGATGCTCGAAAGTGTGGGT","Mtg_P2Mtg_P3DESeq2_P1DESeq2_All","AutAutAutAut","d__Bacteria","p__Bacteroidota","c__Bacteroidia","o__Bacteroidales","f__Bacteroidaceae","g__Bacteroides","s__Bacteroides__thetaiotaomicron","t__unclassified","Aut","FALSE"
"125","CCGAGCGTTATCCGGATTTATTGGGTTTAAAGGGAGCGTAGGTGGATTGTTAAGTCAGTTGTGAAAGTTTGCGGCTCAACCGTAAAATTGCAGTTGAAACTGGCAGTCTTGAGTACAGTAGAGGTGGGCGGAATTCGTGGTGTAGCGGTGAAATGCTTAGATATCACGAAGAACTCCGATTGCGAAGGCAGCTCACTAGACTGCAACTGACACTGATGCTCGAAAGTGTGGGT","Mtg_P3DESeq2_All","AutAut","d__Bacteria","p__Bacteroidota","c__Bacteroidia","o__Bacteroidales","f__Bacteroidaceae","g__Bacteroides","s__unclassified","t__unclassified","Aut","FALSE"
"126","GCAAGCGTTATCCGGAATTACTGGGTGTAAAGGGTGCGTAGGTGGTATGGCAAGTCAGAAGTGAAAACCCAGGGCTTAACTCTGGGACTGCTTTTGAAACTGTCAGACTAGAGTGCAGGAGAGGTAAGCGGAATTCCTAGTGTAGCGGTGAAATGCGTAGATATTAGGAGGAACATCAGTGGCGAAGGCGGCTTACTGGACTGAAACTGACACTGAGGCACGAAAGCGTGGGG","Mtg_P2DESeq2_All","AutAut","d__Bacteria","p__Firmicutes_A","c__Clostridia","o__Lachnospirales","f__Lachnospiraceae","g__Anaerostipes","s__Anaerostipes__hadrus","t__unclassified","Aut","FALSE"
"127","GCAAGCGTTATCCGGATTTACTGGGTGTAAAGGGAGCGCAGGCGGGACTGCAAGTTGGATGTGAAATACCGTGGCTTAACCACGGAACTGCATCCAAAACTGTAGTTCTTGAGTGAAGTAGAGGCAAGCGGAATTCCGAGTGTAGCGGTGAAATGCGTAGATATTCGGAGGAACACCAGTGGCGAAGGCGGCTTGCTGGGCTTTAACTGACGCTGAGGCTCGAAAGTGTGGGG","Mtg_P3DESeq2_P1DESeq2_All","AutAutAut","d__Bacteria","p__Firmicutes_A","c__Clostridia","o__Oscillospirales","f__unclassified","g__unclassified","s__unclassified","t__unclassified","Aut","TRUE"
"128","GCAAGCGTTATCCGGATTTACTGGGTGTAAAGGGAGCGTAGACGGAAGAGCAAGTCTGATGTGAAAGGCTGGGGCTTAACCCCAGGACTGCATTGGAAACTGTTTTTCTAGAGTGCCGGAGAGGTAAGCGGAATTCCTAGTGTAGCGGTGAAATGCGTAGATATTAGGAGGAACACCAGTGGCGAAGGCGGCTTACTGGACGGTAACTGACGTTGAGGCTCGAAAGCGTGGGG","Mtg_P3DESeq2_All","AutAut","d__Bacteria","p__Firmicutes_A","c__Clostridia","o__Lachnospirales","f__Lachnospiraceae","g__Blautia","s__unclassified","t__unclassified","Aut","FALSE"
"129","GCAAGCGTTATCCGGATTTACTGGGTGTAAAGGGAGCGTAGACGGACTGGCAAGTCTGATGTGAAAGGCGGGGGCTCAACCCCTGGACTGCATTGGAAACTGTTAGTCTTGAGTGCCGGAGAGGTAAGCGGAATTCCTAGTGTAGCGGTGAAATGCGTAGATATTAGGAGGAACACCAGTGGCGAAGGCGGCTTACTGGACGGTAACTGACGTTGAGGCTCGAAAGCGTGGGG","Mtg_P3DESeq2_All","AutAut","d__Bacteria","p__Firmicutes_A","c__Clostridia","o__Lachnospirales","f__Lachnospiraceae","g__Blautia_A","s__unclassified","t__unclassified","Aut","FALSE"
"130","GCAAGCGTTATCCGGATTTACTGGGTGTAAAGGGAGCGTAGACGGCATGGCAAGCCAGATGTGAAAACCCAGGGCTCAACCTTGGGATTGCATTTGGAACTGCCAGGCTGGAGTGCAGGAGAGGTAAGCGGAATTCCTAGTGTAGCGGTGAAATGCGTAGATATTAGGAGGAACACCAGTGGCGAAGGCGGCTTACTGGACTGTAACTGACGTTGAGGCTCGAAAGCGTGGGG","Mtg_P3DESeq2_P1DESeq2_All","AutAutAut","d__Bacteria","p__Firmicutes_A","c__Clostridia","o__Lachnospirales","f__Lachnospiraceae","g__Eisenbergiella","s__Eisenbergiella__tayi","t__unclassified","Aut","FALSE"
"131","GCAAGCGTTATCCGGATTTACTGGGTGTAAAGGGAGCGTAGACGGCATGGCAAGTCTGAAGTGAAAACCCAGGGCTCAACCCTGGGACTGCTTTGGAAACTGTCAAGCTAGAGTGCAGGAGAGGTAAGTGGAATTCCTAGTGTAGCGGTGAAATGCGTAGATATTAGGAGGAACACCAGTGGCGAAGGCGGCTTACTGGACTGTAACTGACGTTGAGGCTCGAAAGCGTGGGG","Mtg_P1DESeq2_All","ControlAut","d__Bacteria","p__Firmicutes_A","c__Clostridia","o__Lachnospirales","f__Lachnospiraceae","g__Clostridium_M","s__Clostridium_M__asparagiforme","t__unclassified","Both_depending_on_timepoint","FALSE"
"132","GCAAGCGTTATCCGGATTTACTGGGTGTAAAGGGAGCGTAGACGGTTTAGCAAGTCTGAAGTGAAAGCCCGGGGCTCAACCCCGGTACTGCTTTGGAAACTGTTAGACTTGAGTGCAGGAGAGGTAAGTGGAATTCCTAGTGTAGCGGTGAAATGCGTAGATATTAGGAGGAACACCAGTGGCGAAGGCGGCTTACTGGACTGTAACTGACGTTGAGGCTCGAAAGCGTGGGG","Mtg_P2Mtg_P3Mtg_P3DESeq2_P1DESeq2_All","AutAutAutAutAut","d__Bacteria","p__Firmicutes_A","c__Clostridia","o__Lachnospirales","f__Lachnospiraceae","g__unclassified","s__unclassified","t__unclassified","Aut","FALSE"
"133","GCAAGCGTTATCCGGATTTACTGGGTGTAAAGGGCGCGCAGGCGGGCCGGCAAGTTGGGAGTGAAATCCCGGGGCTTAACCCCGGAACTGCTTTCAAAACTGCTGGTCTTGAGTGATGGAGAGGCAGGCGGAATTCCGTGTGTAGCGGTGAAATGCGTAGATATACGGAGGAACACCAGTGGCGAAGGCGGCCTGCTGGACATTAACTGACGCTGAGGCGCGAAAGCGTGGGG","Mtg_P1DESeq2_P1DESeq2_All","AutAutAut","d__Bacteria","p__Firmicutes_A","c__Clostridia","o__Oscillospirales","f__Butyricicoccaceae","g__Agathobaculum","s__unclassified","t__unclassified","Aut","FALSE"
"134","GCAAGCGTTGTCCGGAATTATTGGGCGTAAAGCGCGCGCAGGTGGTTTAATAAGTCTGATGTGAAAGCCCACGGCTCAACCGTGGAGGGTCATTGGAAACTGTTAAACTTGAGTGCAGGAGAGAAAAGTGGAATTCCTAGTGTAGCGGTGAAATGCGTAGAGATTAGGAGGAACACCAGTGGCGAAGGCGGCTTTTTGGCCTGTAACTGACACTGAGGCGCGAAAGCGTGGGG","Mtg_P1DESeq2_All","AutAut","d__Bacteria","p__Firmicutes","c__Bacilli","o__Staphylococcales","f__Gemellaceae","g__Gemella","s__unclassified","t__unclassified","Aut","FALSE"
"135","GCGAGCGTTATCCGGAATTATTGGGCGTAAAGAGTGCGTAGGTGGTAACTTAAGCGCGGGGTTTAAGGCAATGGCTTAACCATTGTTCGCCCTGCGAACTGGGATACTTGAGTGCAGGAGAGGAAAGCGGAATTCCTAGTGTAGCGGTGAAATGCGTAGATATTAGGAGGAACACCAGTGGCGAAGGCGGCTTTCTGGACTGAAACTGACACTGAGGCACGAAAGTGTGGGG","Mtg_P1Mtg_P2Mtg_P3DESeq2_P1DESeq2_All","AutAutAutAutAut","d__Bacteria","p__Firmicutes_A","c__Clostridia","o__Peptostreptococcales","f__Anaerovoracaceae","g__unclassified","s__unclassified","t__unclassified","Aut","FALSE"
"136","GCGAGCGTTATCCGGAATTATTGGGCGTAAAGGGTGCGCAGGCGGTTTGTTAAGTTTAAGGTGAAAGCGTGGGGCTTAACCCCATATAGCCTTAGAAACTGACAGACTAGAGTACAGGAGAGGGCAATGGAATTCCATGTGTAGCGGTAAAATGCGTAGATATATGGAGGAACACCAGTGGCGAAGGCGGTTGCCTGGCCTGTAACTGACGCTCATGCACGAAAGCGTGGGG","Mtg_P2Mtg_P3DESeq2_All","AutAutAut","d__Bacteria","p__Firmicutes","c__Bacilli","o__Erysipelotrichales","f__Erysipelotrichaceae","g__Holdemania","s__unclassified","t__unclassified","Aut","FALSE"
"137","GCGAGCGTTGTCCGGAATTACTGGGCGTAAAGGGCGCGTAGGCGGTAGATCAAGTCGCATGTGAAATACCCGGGCTCAACCTGGGGGGTGCATGCGAAACTGGAATACTTGAGTGCGGTAGAGGAAAGTGGAATTCCTAGTGTAGCGGTGAAATGCGTAGATATTAGGAGGAACACCAGTGGCGAAGGCGACTTTCTGGGCCGTAACTGACGCTGAGGCGCGAAAGCGTGGGG","Mtg_P3DESeq2_All","AutAut","d__Bacteria","p__unclassified","c__unclassified","o__unclassified","f__unclassified","g__unclassified","s__unclassified","t__unclassified","Aut","FALSE"
"138","GCGAGCGTTGTCCGGAATTACTGGGCGTAAAGGGTGCGTAGGCGGTCTGAAAAGTCGGATGTGAAATCCCCGTGCTTAACATGGGAGCTGCATTCGAAACTTTCGGACTTGAGTGTCGGAGAGGTAAGCGGAATTCCCGGTGTAGCGGTGAAATGCGTAGATATCGGGAGGAACACCAGTGGCGAAGGCGGCTTACTGGACGACAACTGACGCTGAGGCACGAAAGCGTGGGG","Mtg_P3DESeq2_All","AutAut","d__Bacteria","p__Firmicutes_A","c__unclassified","o__unclassified","f__unclassified","g__unclassified","s__unclassified","t__unclassified","Aut","FALSE"
"139","GCGAGCGTTGTCCGGATTTACTGGGTGTAAAGGGTGCGTAGGCGGGATGGCAAGTCAGATGTGAAATACCGGGGCTTAACCCCGGGGCTGCATTTGAAACTGTCGTTCTTGAGTGAAGTAGAGGCAGGCGGAATTCCTAGTGTAGCGGTGAAATGCGTAGATATTAGGAGGAACACCAGTGGCGAAGGCGGCCTGCTGGGCTTTAACTGACGCTGAGGCACGAAAGCATGGGG","Mtg_P3DESeq2_All","AutAut","d__Bacteria","p__Firmicutes_A","c__Clostridia","o__unclassified","f__unclassified","g__unclassified","s__unclassified","t__unclassified","Aut","FALSE"
"140","t__180169","Mtg_P2DESeq2_All","AutAut","d__Bacteria","p__Firmicutes_A","c__Clostridia","o__Oscillospirales","f__Ruminococcaceae","g__Neobitarella","s__Neobitarella__massiliensis","t__180169","Aut","FALSE"
"141","t__186843","Mtg_P3DESeq2_P1DESeq2_All","AutAutAut","d__Bacteria","p__Firmicutes_A","c__Clostridia","o__Christensenellales","f__Christensenellaceae","g__PROV_t__186843","s__PROV_t__186843","t__186843","Aut","FALSE"
"142","t__258798","Mtg_P3DESeq2_All","AutAut","d__Bacteria","p__Firmicutes_A","c__Clostridia","o__Oscillospirales","f__Acutalibacteraceae","g__Anaeromassilibacillus","s__PROV_t__258798","t__258798","Aut","FALSE"
"143","t__28462","ANCOM","Control","d__Bacteria","p__Firmicutes_C","c__Negativicutes","o__Veillonellales","f__Dialisteraceae","g__Dialister","s__Dialister__invisus","t__28462","Control","TRUE"
