,rn,deseq_P1_adjp,deseq_P2_adjp,deseq_P3_adjp,deseq_timeseries_adjp,mtgseq_P1_adjp,mtgseq_P2_adjp,mtgseq_P3_adjp,mtgseq_timeseries_adjp
1,ACAAGCGTTGTCCGGAATGACTGGGCGTAAAGGGCGCGTAGGCGGTCTATTAAGTCTGATGTGAAAGGTACCGGCTCAACCGGTGAAGTGCATTGGAAACTGGTAGACTTGAGTATTGGAGAGGCAAGTGGAATTCCTAGTGTAGCGGTGAAATGCGTAGATATTAGGAGGAACACCAGTGGCGAAGGCGGCTTGCTGGACAAATACTGACGCTGAGGTGCGAAAGCGTGGGG,NA,NA,NA,NA,NA,0.00406654565069029,0.0160261964099279,NA
3,ACAAGCGTTGTCCGGAATTACTGGGTGTAAAGGGAGCGCAGGCGGGAAGGCAAGTTGGAAGTGAAATCCATGGGCTCAACCCATGAACTGCTTTCAAAACTGTTTTTCTTGAGTAGTGCAGAGGTAGGCGGAATTCCCGGTGTAGCGGTGGAATGCGTAGATATCGGGAGGAACACCAGTGGCGAAGGCGGCCTACTGGGCACCAACTGACGCTGAGGCTCGAAAGTGTGGGT,NA,NA,NA,NA,NA,NA,0.000477647149003548,NA
4,ACAAGCGTTGTCCGGAATTACTGGGTGTAAAGGGAGCGCAGGCGGGAGAACAAGTTGGAAGTGAAATCCATGGGCTCAACCTATGAACTGCTTTCAAAACTGTTTTTCTTGAGTAGTGCAGAGGTAGGCGGAATTCCCGGTGTAGCGGTGGAATGCGTAGATATCGGGAGGAACACCAGTGGCGAAGGCGGCCTACTGGGCACCAACTGACGCTGAGGCTCGAAAGTGTGGGT,4.1168557367862e-20,NA,NA,NA,NA,NA,NA,NA
5,CCAGGCGTTATCCGGATTTATTGGGTTTAAAGGGAGCGTAGGCCGGAGATTAAGCGTGTTGTGAAATGTAGATGCTCAACATCTGAACTGCAGCGCGAACTGGTTTCCTTGAGTACGCACAAAGTGGGCGGAATTCGTGGTGTAGCGGTGAAATGCTTAGATATCACGAAGAACTCCGATTGCGAAGGCAGCTCACTGGAGCGCAACTGACGCTGAAGCTCGAAAGTGCGGGT,NA,NA,4.36636635872528e-14,NA,NA,NA,NA,NA
6,CCGAGCGTTATCCGGATTTATTGGGTTTAAAGGGAGCGTAGGCGGATTATTAAGTCAGTTGTGAAAGTTTGCGGCTCAACCGTAAAATTGCAGTTGATACTGGTAGTCTTGAGTGCAGCAGAGGTAGGCGGAATTCGTGGTGTAGCGGTGAAATGCTTAGATATCACGAAGAACTCCGATTGCGAAGGCAGCTTACTGGACTGTAACTGACGCTGATGCTCGAAAGTGTGGGT,NA,NA,1.92559928900087e-14,NA,NA,NA,NA,NA
9,CCGAGCGTTATCCGGATTTATTGGGTTTAAAGGGAGCGTAGGTGGATTGTTAAGTCAGTTGTGAAAGTTTGCGGCTCAACCGTAAAATTGCAGTTGATACTGGCAGTCTTGAGTACAGTAGAGGTGGGCGGAATTCGTGGTGTAGCGGTGAAATGCTTAGATATCACGAAGAACTCCGATTGCGAAGGCAGCTCACTGGACTGCAACTGACACTGATGCTCGAAAGTGTGGGT,NA,NA,NA,NA,NA,0.0232487744477517,NA,NA
10,CCGAGCGTTGTCCGGATTTATTGGGCGTAAAGCGAGCGCAGGCGGTTAGATAAGTCTGAAGTTAAAGGCTGTGGCTTAACCATAGTACGCTTTGGAAACTGTTTAACTTGAGTGCAAGAGGGGAGAGTGGAATTCCATGTGTAGCGGTGAAATGCGTAGATATATGGAGGAACACCGGTGGCGAAAGCGGCTCTCTGGCTTGTAACTGACGCTGAGGCTCGAAAGCGTGGGG,NA,NA,NA,NA,0.00277498175960346,NA,NA,NA
12,CCGAGCGTTGTCCGGATTTATTGGGCGTAAAGCGAGCGCAGGTGGTTTATTAAGTCTGGTGTAAAAGGCAGTGGCTCAACCATTGTATGCATTGGAAACTGGTAGACTTGAGTGCAGGAGAGGAGAGTGGAATTCCATGTGTAGCGGTGAAATGCGTAGATATATGGAGGAACACCGGTGGCGAAAGCGGCTCTCTGGCCTGTAACTGACACTGAGGCTCGAAAGCGTGGGG,NA,NA,0.0368035962580973,NA,NA,NA,0.00230020461352457,NA
13,CCGGGCGTTATCCGGATTTATTGGGTTTAAAGGGAGCGTAGGCCGGAGATTAAGCGTGTTGTGAAATGTAGATGCTCAACATCTGCACTGCAGCGCGAACTGGTTTCCTTGAGTACGCACAAAGTGGGCGGAATTCGTGGTGTAGCGGTGAAATGCTTAGATATCACGAAGAACTCCGATTGCGAAGGCAGCTCACTGGAGCGCAACTGACGCTGAAGCTCGAAAGTGCGGGT,NA,3.27613898732975e-15,NA,NA,NA,NA,NA,NA
14,GCAAGCGTTATCCGGAATCATTGGGCGTAAAGGGTGCGTAGGTGGCGTACTAAGTCTGTAGTAAAAGGCAATGGCTCAACCATTGTAAGCTATGGAAACTGGTAGGCTAGAGTGCAGAAGAGGGCGATGGAATTCCATGTGTAGCGGTAAAATGCGTAGATATATGGAGGAACACCAGTGGCGAAGGCGGTCGCCTGGTCTGTAACTGACACTGAGGCACGAAAGCGTGGGG,NA,NA,NA,NA,NA,4.59547050811841e-07,NA,NA
16,GCAAGCGTTATCCGGAATTACTGGGTGTAAAGGGTGAGTAGGCGGCATGGCAAGTAAGATGTGAAAGCCCGAGGCTTAACCTCGGGATTGCATTTTAAACTGCTAAGCTAGAGTACAGGAGAGGAAAGCGGAATTCCTAGTGTAGCGGTGAAATGCGTAGATATTAGGAAGAACACCAGTGGCGAAGGCGGCTTTCTGGACTGGAAACTGACGCTGAGGCACGAAAGCGTGGGG,NA,NA,NA,NA,NA,NA,0.034243726442595,NA
17,GCAAGCGTTATCCGGAATTATTGGGCGTAAAGAGGGAGCAGGCGGCAGCAAGGGTCTGTGGTGAAAGACTGAAGCTTAACTTCAGTAAGCCATAGAAACCGGGCAGCTAGAGTGCAGGAGAGGATCGTGGAATTCCATGTGTAGCGGTGAAATGCGTAGATATATGGAGGAACACCAGTGGCGAAGGCGACGATCTGGCCTGCAACTGACGCTCAGTCCCGAAAGCGTGGGG,NA,NA,NA,NA,NA,NA,0.00151682904532442,NA
18,GCAAGCGTTATCCGGATTTACTGGGTGTAAAGGGAGCGCAGGCGGCATGATAAGTCTGATGTGAAAACCCAAGGCTCAACCATGGGACTGCATTGGAAACTGTCGTGCTGGAGTGTCGGAGAGGTAAGCGGAATTCCTAGTGTAGCGGTGAAATGCGTAGATATTAGGAGGAACACCAGTGGCGAAGGCGGCTTACTGGACGATGACTGACGCTGAGGCTCGAAAGCGTGGGG,NA,NA,NA,NA,NA,NA,0.0075919756235918,NA
19,GCAAGCGTTATCCGGATTTACTGGGTGTAAAGGGAGCGCAGGCGGTCTGGCAAGTCTGATGTGAAAGCCCGGGGCTCAACCCCGGGACTGCATTGGAAACTGTCAGACTAGAGTGTCGGAGAGGTAAGTGGAATTCCTAGTGTAGCGGTGAAATGCGTAGATATTAGGAGGAACACCAGTGGCGAAGGCGGCTTACTGGACGATAACTGACGCTGAGGCTCGAAAGCGTGGGG,NA,NA,NA,NA,0.00928763152792081,NA,NA,NA
20,GCAAGCGTTATCCGGATTTACTGGGTGTAAAGGGAGCGTAGACGGAAGAGCAAGTCTGATGTGAAAGGCTGGGGCTTAACCCCAGGACTGCATTGGAAACTGTTTTTCTAGAGTGCCGGAGAGGTAAGCGGAATTCCTAGTGTAGCGGTGAAATGCGTAGATATTAGGAGGAACACCAGTGGCGAAGGCGGCTTACTGGACGGTAACTGACGTTGAGGCTCGAAAGCGTGGGG,NA,NA,NA,NA,NA,0.0217386332870485,NA,NA
23,GCAAGCGTTATCCGGATTTACTGGGTGTAAAGGGAGCGTAGACGGATGGACAAGTCTGATGTGAAAGACTGGGGCTCAACCCCGGGACTGCATTGGAAACTGCCCGTCTTGAGTGCCGGAGAGGTAAGCGGAATTCCTAGTGTAGCGGTGAAATGCGTAGATATTAGGAGGAACACCAGTGGCGAAGGCGGCTTACTGGACGGTAACTGACGTTGAGGCTCGAAAGCGTGGGG,NA,NA,4.36636635872528e-14,NA,NA,NA,NA,NA
24,GCAAGCGTTATCCGGATTTACTGGGTGTAAAGGGAGCGTAGACGGCATGGCAAGTCTGAAGTGAAAACCCAGGGCTCAACCCTGGGACTGCTTTGGAAACTGTCAAGCTAGAGTGCAGGAGAGGTAAGTGGAATTCCTAGTGTAGCGGTGAAATGCGTAGATATTAGGAGGAACACCAGTGGCGAAGGCGGCTTACTGGACTGTAACTGACGTTGAGGCTCGAAAGCGTGGGG,NA,NA,NA,NA,0.00069005788632273,NA,NA,NA
26,GCAAGCGTTATCCGGATTTACTGGGTGTAAAGGGAGCGTAGACGGCTTAGCAAGTCTGAAGTGAAAGCCCGGGGCTCAACCCCGGGACTGCTTTGGAAACTGTTAAGCTGGAGTGCTGGAGAGGTAAGCGGAATTCCTAGTGTAGCGGTGAAATGCGTAGATATTAGGAGGAACACCAGTGGCGAAGGCGGCTTACTGGACAGTAACTGACGTTGAGGCTCGAAAGCGTGGGG,NA,NA,NA,NA,NA,NA,0.00230608866256781,NA
27,GCAAGCGTTATCCGGATTTACTGGGTGTAAAGGGAGCGTAGACGGCTTTGCAAGTCTGATGTGAAAGGCGGGGGCTCAACCCCTGGACTGCATTGGAAACTGTGAGGCTTGAGTGCCGGAGAGGTAAGCGGAATTCCTAGTGTAGCGGTGAAATGCGTAGATATTAGGAGGAACACCAGTGGCGAAGGCGGCTTACTGGACGGTAACTGACGTTGAGGCTCGAAAGCGTGGGG,NA,NA,NA,NA,0.0187875414253408,NA,NA,NA
31,GCAAGCGTTATCCGGATTTACTGGGTGTAAAGGGCGTGTAGGCGGGACAGCAAGTCAGATGTGAAAACTATGGGCTCAACCCATAGCCTGCATTTGAAACTGTTGTTCTTGAGTGCTGGAGAGGCAAATGGAACTCCTAGTGTAGCGGTGAAATGCGTAGATATTAGGAAGAACACCAGTGGCGAAGGCGATTTGCTGGACAGTAACTGACGCTGATGCGCGAAAGTGTGGGG,0.0398148265975098,NA,NA,NA,NA,NA,NA,NA
34,GCAAGCGTTATCCGGATTTACTGGGTGTAAAGGGTGCGTAGGTGGCAGTGCAAGTCAGATGTGAAAGGCCGGGGCTCAACCCCGGAGCTGCATTTGAAACTGCGCGGCTAGAGTACAGGAGAGGCAGGCGGAATTCCTAGTGTAGCGGTGAAATGCGTAGATATTAGGAGGAACACCAGTGGCGAAGGCGGCCTGCTGGACTGTTACTGACACTGAGGCACGAAAGCGTGGGG,NA,NA,NA,NA,NA,NA,0.0369903752451299,NA
35,GCAAGCGTTATCCGGATTTATTGGGCGTAAAGGGCTCGTAGGCGGCTCGTCGCGTCCGGTGTGAAAGTCCATCGCTTAACGGTGGATCTGCGCCGGGTACGGGCGGGCTGGAGTGCGGTAGGGGAGACTGGAATTCCCGGTGTAACGGTGGAATGTGTAGATATCGGGAAGAACACCGATGGCGAAGGCAGGTCTCTGGGCCGTCACTGACGCTGAGGAGCGAAAGCGTGGGG,NA,NA,NA,NA,0.0265840074945504,NA,NA,NA
36,GCAAGCGTTGTCCGGAATTATTGGGCGTAAAGCGCGCGCAGGCGGATCAGTCAGTCTGTCTTAAAAGTTCGGGGCTTAACCCCGTGATGGGATGGAAACTGCTGATCTAGAGTATCGGAGAGGAAAGTGGAATTCCTAGTGTAGCGGTGAAATGCGTAGATATTAGGAAGAACACCAGTGGCGAAGGCGACTTTCTGGACGAAAACTGACGCTGAGGCGCGAAAGCCAGGGG,NA,NA,NA,NA,0.0453469163288289,NA,4.11778801704025e-05,NA
38,GCAAGCGTTGTCCGGAATTATTGGGCGTAAAGCGCGCGCAGGTGGTTTAATAAGTCTGATGTGAAAGCCCACGGCTCAACCGTGGAGGGTCATTGGAAACTGTTAAACTTGAGTGCAGGAGAGAAAAGTGGAATTCCTAGTGTAGCGGTGAAATGCGTAGAGATTAGGAGGAACACCAGTGGCGAAGGCGGCTTTTTGGCCTGTAACTGACACTGAGGCGCGAAAGCGTGGGG,NA,NA,NA,NA,0.0424984809179946,NA,NA,NA
39,GCAAGCGTTGTCCGGAATTATTGGGCGTAAAGGGTGCGTAGGCGGCCGATCAAGTCAGGTGTGAAAGACCCGTGCTTAACATGGGGGTTGCACTTGAAACTGGTTGGCTTGAGTATGGGAGAGGCAAGCGGAATTCCCGGTGTAGCGGTGAAATGCGTAGAGATCGGGAGGAACACCAGTGGCGAAGGCGGCTTGCTGGACCAAAACTGACGCTGAGGCACGAAAGCGTGGGT,NA,NA,NA,NA,NA,0.0194051882083263,NA,NA
40,GCAAGCGTTGTCCGGATTCACTGGGCGTAAAGAGCACGTAGGCGGTTAATTAAGTCAGGTGTGAAAGTTTTCGGCTCAACCGGAAAAGTGCACTTGAAACTGGATAACTTGAGTATCGGAGAGGTAAGCGGAATTCCTAGTGTAGCGGTGAAATGCGTAGAGATTAGGAAGAACACCGGTGGCGAAGGCGGCTTACTGGACGATAACTGACGCTGAGGTGCGAAAGCGTGGGG,NA,NA,NA,NA,0.0307763326555115,NA,NA,NA
42,GCAAGCGTTGTCCGGATTTACTGGGTGTAAAGGGCGTGTAGGCGGGATTGCAAGTCAGGCGTGAAAACCAGGGGCTCAACCTCTGGCCTGCGTTTGAAACTGTAGTTCTTGAGTACTGGAGAGGTTGACGGAATTCCTAGTGTAGCGGTGAAATGCGTAGATATTAGGAGGAACACCAGTGGCGAAGGCGGTCAACTGGACAGCAACTGACGCTGAGGCGCGAAAGCGTGGGG,NA,NA,NA,NA,0.000374384253607069,NA,NA,NA
47,GCGAGCGTTATCCGGAATTATTGGGCGTAAAGAGTGCGTAGGTGGTAACTTAAGCGCGGGGTTTAAGGCAATGGCTTAACCATTGTTCGCCCTGCGAACTGGGATACTTGAGTGCAGGAGAGGAAAGCGGAATTCCTAGTGTAGCGGTGAAATGCGTAGATATTAGGAGGAACACCAGTGGCGAAGGCGGCTTTCTGGACTGAAACTGACACTGAGGCACGAAAGTGTGGGG,NA,NA,NA,NA,0.000320638474412552,0.00804584000534934,1.95787263894413e-06,NA
48,GCGAGCGTTATCCGGAATTATTGGGCGTAAAGGGTGCGCAGGCGGTTTGTTAAGTTTAAGGTGAAAGCGTGGGGCTTAACCCCATATAGCCTTAGAAACTGACAGACTAGAGTACAGGAGAGGGCAATGGAATTCCATGTGTAGCGGTAAAATGCGTAGATATATGGAGGAACACCAGTGGCGAAGGCGGTTGCCTGGCCTGTAACTGACGCTCATGCACGAAAGCGTGGGG,NA,NA,NA,NA,NA,0.00160163301707923,NA,NA
49,GCGAGCGTTATCCGGAATTATTGGGCGTAAAGGGTGCGTAGGCGGCCTGTTAAGTAAGTGGTTAAATTGTTGGGCTCAACCCAATCCAGCCACTTAAACTGGCAGGCTAGAGTATTGGAGAGGCAAGTGGAATTCCATGTGTAGCGGTAAAATGCGTAGATATATGGAGGAACACCAGTGGCGAAGGCGGCTTGCTAGCCAAAGACTGACGCTCATGCACGAAAGCGTGGGG,NA,NA,NA,NA,0.000862484961182061,NA,NA,NA
54,GCGAGCGTTGTCCGGAATTACTGGGTGTAAAGGGAGCGTAGGCGGGAAAGCAAGTTGGAAGTGAAATGCATGGGCTTAACCCATGAGCTGCTTTCAAAACTGTTTTTCTTGAGTGAAGTAGAGGCAGGCGGAATTCCTAGTGTAGCGGTGAAATGCGTAGATATTAGGAGGAACACCAGTGGCGAAGGCGGCCTGCTGGGCTTTAACTGACGCTGAGGCTCGAAAGCGTGGGT,NA,NA,NA,NA,NA,NA,0.0276766749011711,NA
56,TCTAGTGGTAGCAGTTTTTATTGGGCCTAAAGCGTCCGTAGCCGGTTTAATAAGTCTCTGGTGAAATCCTGCAGCTTAACTGTGGGAATTGCTGGAGATACTATTAGACTTGAGATCGGGAGAGGTTAGAGGTACTCCCAGGGTAGAGGTGAAATTCTGTAATCCTGGGAGGACCGCCTGTTGCGAAGGCGTCTGACTGGAACGATTCTGACGGTGAGGGACGAAAGCTAGGGG,NA,4.14532384742232e-15,NA,NA,NA,NA,NA,NA
57,t__145645,NA,NA,NA,NA,NA,0.00830784511262404,NA,NA
58,t__158681,NA,NA,NA,NA,0.00821172440242316,NA,NA,NA
59,t__165457,NA,NA,NA,NA,NA,1.33992923691989e-06,NA,NA
62,t__21316,2.11665047140419e-14,NA,1.92559928900087e-14,NA,NA,NA,NA,NA
63,t__21615,NA,NA,NA,NA,NA,NA,0.0132078128809428,NA
65,t__256727,NA,NA,NA,NA,NA,NA,0.0309254364229357,NA
68,t__4989,6.40847692203394e-20,NA,NA,NA,NA,NA,NA,NA
69,t__92557,NA,NA,NA,NA,NA,NA,0.00782978835596018,NA
