"","enrichment","method","Domain","Phylum","Class","Order","Family","Genus","Species","Strain","associated_variables"
"ACAAGCGTTGTCCGGAATGACTGGGCGTAAAGGGCGCGTAGGCGGTCTATTAAGTCTGATGTGAAAGGTACCGGCTCAACCGGTGAAGTGCATTGGAAACTGGTAGACTTGAGTATTGGAGAGGCAAGTGGAATTCCTAGTGTAGCGGTGAAATGCGTAGATATTAGGAGGAACACCAGTGGCGAAGGCGGCTTGCTGGACAAATACTGACGCTGAGGTGCGAAAGCGTGGGG","Aut","DESEQ_time","d__Bacteria","p__Firmicutes_A","c__Clostridia","o__Eubacteriales","f__Eubacteriaceae","g__Eubacterium","s__unclassified","t__unclassified","Pets.in.home."
"ACAAGCGTTGTCCGGAATTACTGGGTGTAAAGGGAGCGCAGGCGGGAAGACAAGTTGGAAGTGAAATCTATGGGCTCAACCCATAAACTGCTTTCAAAACTGTTTTTCTTGAGTAGTGCAGAGGTAGGCGGAATTCCCGGTGTAGCGGTGGAATGCGTAGATATCGGGAGGAACACCAGTGGCGAAGGCGGCCTACTGGGCACCAACTGACGCTGAGGCTCGAAAGTGTGGGT","Aut","DESEQ_time","d__Bacteria","p__Firmicutes_A","c__Clostridia","o__Oscillospirales","f__Ruminococcaceae","g__Faecalibacterium","s__unclassified","t__unclassified","GI.symptoms.within..months..M.., Meats.and.seafood..consumption.frequency...longitudinal.."
"ACAAGCGTTGTCCGGAATTACTGGGTGTAAAGGGAGCGCAGGCGGGAAGACAAGTTGGAAGTGAAATCTATGGGCTTAACCCATAAACTGCTTTCAAAACTGTTTTTCTTGAGTAGTGCAGAGGTAGGCGGAATTCCCGGTGTAGCGGTGGAATGCGTAGATATCGGGAGGAACACCAGTGGCGAAGGCGGCCTACTGGGCACCAACTGACGCTGAGGCTCGAAAGTGTGGGT","Aut","DESEQ_time","d__Bacteria","p__Firmicutes_A","c__Clostridia","o__Oscillospirales","f__Ruminococcaceae","g__Faecalibacterium","s__unclassified","t__unclassified",""
"ACAAGCGTTGTCCGGAATTACTGGGTGTAAAGGGAGCGCAGGCGGGAGAACAAGTTGGAAGTGAAATCCATGGGCTCAACCCATGAACTGCTTTCAAAACTGTTTTTCTTGAGTAGTGCAGAGGTAGGCGGAATTCCCGGTGTAGCGGTGGAATGCGTAGATATCGGGAGGAACACCAGTGGCGAAGGCGGCCTACTGGGCACCAACTGACGCTGAGGCTCGAAAGTGTGGGT","Aut","DESEQ_time","d__Bacteria","p__Firmicutes_A","c__Clostridia","o__Oscillospirales","f__Ruminococcaceae","g__Faecalibacterium","s__unclassified","t__unclassified","Outdoors.pet., Pets.in.home., Toilet.trained."
"ACAAGCGTTGTCCGGATTTACTGGGTGTAAAGGGCGCGTAGGCGGACTGTCAAGTCAGTCGTGAAATACCGGGGCTTAACCCCGGGGCTGCGATTGAAACTGACAGCCTTGAGTATCGGAGAGGAAAGCGGAATTCCTAGTGTAGCGGTGAAATGCGTAGATATTAGGAGGAACACCAGTGGCGAAGGCGGCTTTCTGGACGACAACTGACGCTGAGGCGCGAAAGTGTGGGG","Aut","DESEQ_time","d__Bacteria","p__Firmicutes_A","c__Clostridia","o__unclassified","f__unclassified","g__unclassified","s__unclassified","t__unclassified","Multivitamin."
"CCGAGCGTTATCCGGATTTATTGGGTTTAAAGGGAGCGTAGATGGATGTTTAAGTCAGTTGTGAAAGTTTGCGGCTCAACCGTAAAATTGCAGTTGATACTGGATGTCTTGAGTGCAGTTGAGGCAGGCGGAATTCGTGGTGTAGCGGTGAAATGCTTAGATATCACGAAGAACTCCGATTGCGAAGGCAGCCTGCTAAGCTGCAACTGACATTGAGGCTCGAAAGTGTGGGT","Aut","DESEQ_time","d__Bacteria","p__Bacteroidota","c__Bacteroidia","o__Bacteroidales","f__Bacteroidaceae","g__Bacteroides_B","s__unclassified","t__unclassified","Toilet.trained."
"CCGAGCGTTATCCGGATTTATTGGGTTTAAAGGGAGCGTAGATGGGTTGTTAAGTCAGTTGTGAAAGTTTGCGGCTCAACCGTAAAATTGCAATTGATACTGGCAGTCTTGAGTACAGTTGAGGTAGGCGGAATTCGTGGTGTAGCGGTGAAATGCTTAGATATCACGAAGAACTCCGATTGCGAAGGCAGCTTACTAACCTGTAACTGACATTGATGCTCGAAAGTGTGGGT","Aut","ZIG_time","d__Bacteria","p__Bacteroidota","c__Bacteroidia","o__Bacteroidales","f__Bacteroidaceae","g__Bacteroides_B","s__massiliensis","t__unclassified",""
"CCGAGCGTTATCCGGATTTATTGGGTTTAAAGGGAGCGTAGGCGGACTATTAAGTCAGCTGTGAAAGTTTGCGGCTCAACCGTAAAATTGCAGTTGATACTGGTCGTCTTGAGTGCAGTAGAGGTAGGCGGAATTCGTGGTGTAGCGGTGAAATGCTTAGATATCACGAAGAACTCCGATTGCGAAGGCAGCTTACTGGACTGTAACTGACGCTGATGCTCGAAAGTGTGGGT","Aut","DESEQ_time","d__Bacteria","p__Bacteroidota","c__Bacteroidia","o__Bacteroidales","f__Bacteroidaceae","g__Bacteroides","s__cellulosilyticus","t__unclassified","Outdoors.pet., Pets.in.home."
"CCGAGCGTTATCCGGATTTATTGGGTTTAAAGGGAGCGTAGGCGGATTATTAAGTCAGTTGTGAAAGTTTGCGGCTCAACCGTAAAATTGCAGTTGATACTGGTAGTCTTGAGTGCAGCAGAGGTAGGCGGAATTCGTGGTGTAGCGGTGAAATGCTTAGATATCACGAAGAACTCCGATTGCGAAGGCAGCTTACTGGACTGTAACTGACGCTGATGCTCGAAAGTGTGGGT","Aut","DESEQ_time","d__Bacteria","p__Bacteroidota","c__Bacteroidia","o__Bacteroidales","f__Bacteroidaceae","g__Bacteroides","s__intestinalis","t__unclassified",""
"CCGAGCGTTATCCGGATTTATTGGGTTTAAAGGGAGCGTAGGTGGACAGTTAAGTCAGTTGTGAAAGTTTGCGGCTCAACCGTAAAATTGCAGTTGATACTGGCTGTCTTGAGTACAGTAGAGGTGGGCGGAATTCGTGGTGTAGCGGTGAAATGCTTAGATATCACGAAGAACTCCGATTGCGAAGGCAGCTCACTGGACTGCAACTGACACTGATGCTCGAAAGTGTGGGT","Aut,Aut","DESEQ_time, ZIG_time","d__Bacteria","p__Bacteroidota","c__Bacteroidia","o__Bacteroidales","f__Bacteroidaceae","g__Bacteroides","s__thetaiotaomicron","t__unclassified",""
"CCGAGCGTTATCCGGATTTATTGGGTTTAAAGGGAGCGTAGGTGGATTGTTAAGTCAGTTGTGAAAGTTTGCGGCTCAACCGTAAAATTGCAGTTGAAACTGGCAGTCTTGAGTACAGTAGAGGTGGGCGGAATTCGTGGTGTAGCGGTGAAATGCTTAGATATCACGAAGAACTCCGATTGCGAAGGCAGCTCACTAGACTGCAACTGACACTGATGCTCGAAAGTGTGGGT","Aut","DESEQ_time","d__Bacteria","p__Bacteroidota","c__Bacteroidia","o__Bacteroidales","f__Bacteroidaceae","g__Bacteroides","s__unclassified","t__unclassified",""
"CCGAGCGTTATCCGGATTTATTGGGTTTAAAGGGAGCGTAGGTGGATTGTTAAGTCAGTTGTGAAAGTTTGCGGCTCAACCGTAAAATTGCAGTTGAAACTGGCAGTCTTGAGTACAGTAGAGGTGGGCGGAATTCGTGGTGTAGCGGTGAAATGCTTAGATATCACGAAGAACTCCGATTGCGAAGGCAGCTCACTAGACTGTCACTGACACTGATGCTCGAAAGTGTGGGT","Aut","DESEQ_time","d__Bacteria","p__Bacteroidota","c__Bacteroidia","o__Bacteroidales","f__Bacteroidaceae","g__Bacteroides","s__ovatus","t__unclassified",""
"CCGAGCGTTATCCGGATTTATTGGGTTTAAAGGGAGCGTAGGTGGATTGTTAAGTCAGTTGTGAAAGTTTGCGGCTCAACCGTAAAATTGCAGTTGAAACTGGCAGTCTTGAGTACAGTAGAGGTGGGCGGAATTCGTGGTGTAGCGGTGAAATGCTTAGATATCACGAAGAACTCCGATTGCGAAGGCAGCTCACTAGACTGTTACTGACACTGATGCTCGAAAGTGTGGGT","Aut","DESEQ_time","d__Bacteria","p__Bacteroidota","c__Bacteroidia","o__Bacteroidales","f__Bacteroidaceae","g__Bacteroides","s__ovatus","t__unclassified","Dietary.supplement."
"CCGAGCGTTATCCGGATTTATTGGGTTTAAAGGGAGCGTAGGTGGATTGTTAAGTCAGTTGTGAAAGTTTGCGGCTCAACCGTAAAATTGCAGTTGAAACTGGGAGTCTTGAGTACAGTAGAGGTGGGCGGAATTCGTGGTGTAGCGGTGAAATGCTTAGATATCACGAAGAACTCCGATTGCGAAGGCAGCTCACTAGACTGTCACTGACACTGATGCTCGAAAGTGTGGGT","Aut","DESEQ_time","d__Bacteria","p__Bacteroidota","c__Bacteroidia","o__Bacteroidales","f__Bacteroidaceae","g__Bacteroides","s__ovatus","t__unclassified",""
"CCGAGCGTTATCCGGATTTATTGGGTTTAAAGGGTGCGTAGGCGGTTTGATAAGTTAGAGGTGAAAGCTCGATGCTCAACATCGAAATTGCCTCTGATACTGTCAGACTAGAGTGTAGTTGCGGAAGGCGGAATGTGTGGTGTAGCGGTGAAATGCTTAGATATCACACAGAACACCGATTGCGAAGGCAGCTTTCCAAGCTATTACTGACGCTGAGGCACGAAAGCGTGGGT","Aut","DESEQ_time","d__Bacteria","p__Bacteroidota","c__Bacteroidia","o__Bacteroidales","f__Rikenellaceae","g__Alistipes_A","s__221653","t__unclassified",""
"CCGAGCGTTGTCCGGATTTATTGGGCGTAAAGCGAGCGCAGGCGGTTTGATAAGTCTGAAGTTAAAGGCTGTGGCTCAACCATAGTTCGCTTTGGAAACTGTCAAACTTGAGTGCAGAAGGGGAGAGTGGAATTCCATGTGTAGCGGTGAAATGCGTAGATATATGGAGGAACACCGGTGGCGAAAGCGGCTCTCTGGTCTGTAACTGACGCTGAGGCTCGAAAGCGTGGGG","Control,Control","ZIG_time, ANCOM_time","d__Bacteria","p__Firmicutes","c__Bacilli","o__Lactobacillales","f__Streptococcaceae","g__Streptococcus","s__unclassified","t__unclassified","Toilet.trained., Dietary.restrictions..M.., Multivitamin., GI.symptoms.within..months..M.."
"CCGAGCGTTGTCCGGATTTATTGGGCGTAAAGGGAGCGCAGGCGGTCAGGAAAGTCTGGAGTAAAAGGCTATGGCTCAACCATAGTGTGCTCTGGAAACTGTCTGACTTGAGTGCAGAAGGGGAGAGTGGAATTCCATGTGTAGCGGTGAAATGCGTAGATATATGGAGGAACACCAGTGGCGAAAGCGGCTCTCTGGTCTGTCACTGACGCTGAGGCTCGAAAGCGTGGGT","Aut","DESEQ_time","d__Bacteria","p__Firmicutes","c__Bacilli","o__Lactobacillales","f__Streptococcaceae","g__Streptococcus","s__mutans","t__unclassified",""
"CCGGGCGTTATCCGGATTTATTGGGTTTAAAGGGAGCGTAGGCCGGAGATTAAGCGTGTTGTGAAATGTAGACGCTCAACGTCTGCACTGCAGCGCGAACTGGTTTCCTTGAGTACGCACAAAGTGGGCGGAATTCGTGGTGTAGCGGTGAAATGCTTAGATATCACGAAGAACTCCGATTGCGAAGGCAGCTCACTGGAGCGCAACTGACGCTGAAGCTCGAAAGTGCGGGT","Control","ZIG_time","d__Bacteria","p__Bacteroidota","c__Bacteroidia","o__Bacteroidales","f__Bacteroidaceae","g__Prevotella","s__copri","t__unclassified","Multivitamin."
"GCAAGCGTTAATCGGAATTACTGGGCGTAAAGCGCACGCAGGCGGTTTGTTAAGTCAGATGTGAAATCCCCGGGCTCAACCTGGGAACTGCATCTGATACTGGCAAGCTTGAGTCTCGTAGAGGGGGGTAGAATTCCAGGTGTAGCGGTGAAATGCGTAGAGATCTGGAGGAATACCGGTGGCGAAGGCGGCCCCCTGGACGAAGACTGACGCTCAGGTGCGAAAGCGTGGGG","Aut","DESEQ_time","d__Bacteria","p__Proteobacteria","c__Gammaproteobacteria","o__Enterobacterales","f__Enterobacteriaceae","g__Escherichia","s__unclassified","t__unclassified","Toilet.trained."
"GCAAGCGTTATCCGGAATCATTGGGCGTAAAGGGTGCGTAGGTGGCGTACTAAGTCTGTAGTAAAAGGCAATGGCTCAACCATTGTAAGCTATGGAAACTGGTATGCTGGAGTGCAGAAGAGGGCGATGGAATTCCATGTGTAGCGGTAAAATGCGTAGATATATGGAGGAACACCAGTGGCGAAGGCGGTCGCCTGGTCTGTAACTGACACTGAGGCACGAAAGCGTGGGG","Aut","DESEQ_time","d__Bacteria","p__Firmicutes","c__Bacilli","o__Erysipelotrichales","f__Erysipelotrichaceae","g__Absiella","s__innocuum","t__unclassified",""
"GCAAGCGTTATCCGGAATTACTGGGTGTAAAGGGAGCGTAGGCGGCATGGTAAGCCAGATGTGAAAGCCTTGGGCTTAACCCGAGGATTGCATTTGGAACTATCAAGCTAGAGTACAGGAGAGGAAAGCGGAATTCCTAGTGTAGCGGTGAAATGCGTAGATATTAGGAAGAACACCAGTGGCGAAGGCGGCTTTCTGGACTGAAACTGACGCTGAGGCTCGAAAGCGTGGGG","Aut","DESEQ_time","d__Bacteria","p__Firmicutes_A","c__Clostridia","o__Lachnospirales","f__Anaerotignaceae","g__Anaerotignum","s__lactatifermentans","t__unclassified","Dietary.supplement."
"GCAAGCGTTATCCGGAATTACTGGGTGTAAAGGGTGCGTAGGCGGCCCGGCAAGTTTGATGTGAAACCCATAGGCTTAACCTGTGGCATGCATCAAAAACTACCGAGCTAGAGTGCAGGAGAGGAAAGCGGAATTCCTAGTGTAGCGGTGAAATGCGTAGATATTAGGAAGAACACCAGTGGCGAAGGCGGCTTTCTGGACTGCAACTGACGCTGAAGCACGAAAGCGTGGGG","Aut","DESEQ_time","d__Bacteria","p__Firmicutes_A","c__Clostridia","o__unclassified","f__unclassified","g__unclassified","s__unclassified","t__unclassified","Pets.in.home."
"GCAAGCGTTATCCGGAATTACTGGGTGTAAAGGGTGCGTAGGTGGCATGGTAAGTCAGAAGTGAAAGCCCGGGGCTTAACCCCGGGACTGCTTTTGAAACTGTCATGCTGGAGTGCAGGAGAGGTAAGCGGAATTCCTAGTGTAGCGGTGAAATGCGTAGATATTAGGAGGAACACCAGTGGCGAAGGCGGCTTACTGGACTGTCACTGACACTGATGCACGAAAGCGTGGGG","Aut","DESEQ_time","d__Bacteria","p__Firmicutes_A","c__Clostridia","o__Lachnospirales","f__Lachnospiraceae","g__Anaerostipes","s__unclassified","t__unclassified",""
"GCAAGCGTTATCCGGAATTACTGGGTGTAAAGGGTGCGTAGGTGGTATGGCAAGTCAGAAGTGAAAACCCAGGGCTTAACTCTGGGACTGCTTTTGAAACTGTCAGACTAGAGTGCAGGAGAGGTAAGCGGAATTCCTAGTGTAGCGGTGAAATGCGTAGATATTAGGAGGAACATCAGTGGCGAAGGCGGCTTACTGGACTGAAACTGACACTGAGGCACGAAAGCGTGGGG","Aut","DESEQ_time","d__Bacteria","p__Firmicutes_A","c__Clostridia","o__Lachnospirales","f__Lachnospiraceae","g__Anaerostipes","s__hadrus","t__unclassified","Outdoors.pet., Toilet.trained."
"GCAAGCGTTATCCGGAATTACTGGGTGTAAAGGGTGCGTAGGTGGTATGGCAAGTCAGAAGTGAAAACCCAGGGCTTAACTCTGGGACTGCTTTTGAAACTGTCAGACTGGAGTGCAGGAGAGGTAAGCGGAATTCCTAGTGTAGCGGTGAAATGCGTAGATATTAGGAGGAACATCAGTGGCGAAGGCGGCTTACTGGACTGAAACTGACACTGAGGCACGAAAGCGTGGGG","Aut","DESEQ_time","d__Bacteria","p__Firmicutes_A","c__Clostridia","o__Lachnospirales","f__Lachnospiraceae","g__Anaerostipes","s__hadrus","t__unclassified","Pets.in.home., Dietary.restrictions..M.., GI.symptoms.within..months..M.."
"GCAAGCGTTATCCGGATTTACTGGGTGTAAAGGGAGCGCAGACGGCGATGCAAGTCTGGAGTGAAAGCCCGGGGCTCAACCCCGGGACTGCTTTGGAAACTGTATGGCTAGAGTGCTGGAGAGGCAAGCGGAATTCCTAGTGTAGCGGTGAAATGCGTAGATATTAGGAAGAACACCAGTGGCGAAGGCGGCTTGCTGGACAGTAACTGACGTTCAGGCTCGAAAGCGTGGGG","Aut","DESEQ_time","d__Bacteria","p__Firmicutes_A","c__Clostridia","o__Lachnospirales","f__Lachnospiraceae","g__unclassified","s__unclassified","t__unclassified","Non.celiac.gluten.sensitivity., Toilet.trained., Dietary.supplement."
"GCAAGCGTTATCCGGATTTACTGGGTGTAAAGGGAGCGTAGACGGAAGAGCAAGTCTGATGTGAAAGGCTGGGGCTTAACCCCAGGACTGCATTGGAAACTGTTTTTCTAGAGTGCCGGAGAGGTAAGCGGAATTCCTAGTGTAGCGGTGAAATGCGTAGATATTAGGAGGAACACCAGTGGCGAAGGCGGCTTACTGGACGGTAACTGACGTTGAGGCTCGAAAGCGTGGGG","Aut,Aut","DESEQ_time, ZIG_time","d__Bacteria","p__Firmicutes_A","c__Clostridia","o__Lachnospirales","f__Lachnospiraceae","g__Blautia","s__unclassified","t__unclassified","Vegetable..consumption.frequency...longitudinal.., Dietary.supplement., Multivitamin."
"GCAAGCGTTATCCGGATTTACTGGGTGTAAAGGGAGCGTAGACGGACTGGCAAGTCTGATGTGAAAACCCGGGGCTCAACCCCGGGACTGCATTGGAAACTGTCAGTCTAGAGTGTCGGAGGGGTAAGTGGAATTCCTAGTGTAGCGGTGAAATGCGTAGATATTAGGAGGAACACCAGTGGCGAAGGCGGCTTACTGGACGATAACTGACGTTGAGGCTCGAAAGCGTGGGG","Aut","DESEQ_time","d__Bacteria","p__Firmicutes_A","c__Clostridia","o__Lachnospirales","f__unclassified","g__unclassified","s__unclassified","t__unclassified",""
"GCAAGCGTTATCCGGATTTACTGGGTGTAAAGGGAGCGTAGACGGACTGGCAAGTCTGATGTGAAAGGCGGGGGCTCAACCCCTGGACTGCATTGGAAACTGTTAGTCTTGAGTGCCGGAGAGGTAAGCGGAATTCCTAGTGTAGCGGTGAAATGCGTAGATATTAGGAGGAACACCAGTGGCGAAGGCGGCTTACTGGACGGTAACTGACGTTGAGGCTCGAAAGCGTGGGG","Aut,Aut","DESEQ_time, ZIG_time","d__Bacteria","p__Firmicutes_A","c__Clostridia","o__Lachnospirales","f__Lachnospiraceae","g__Blautia_A","s__unclassified","t__unclassified","Vegetable..consumption.frequency...longitudinal.., Meats.and.seafood..consumption.frequency...longitudinal.."
"GCAAGCGTTATCCGGATTTACTGGGTGTAAAGGGAGCGTAGACGGAGTGGCAAGTCTGATGTGAAAACCCGGGGCTCAACCCCGGGACTGCATTGGAAACTGTCAATCTGGAGTACCGGAGAGGTAAGCGGAATTCCTAGTGTAGCGGTGAAATGCGTAGATATTAGGAGGAACACCAGTGGCGAAGGCGGCTTACTGGACGGTAACTGACGTTGAGGCTCGAAAGCGTGGGG","Control","ZIG_time","d__Bacteria","p__Firmicutes_A","c__Clostridia","o__Lachnospirales","f__Lachnospiraceae","g__Faecalicatena","s__faecis","t__unclassified","Dietary.supplement."
"GCAAGCGTTATCCGGATTTACTGGGTGTAAAGGGAGCGTAGACGGATGGGCAAGTCTGATGTGAAAACCCGGGGCTCAACCCCGGGACTGCATTGGAAACTGTTCATCTAGAGTGCTGGAGAGGTAAGTGGAATTCCTAGTGTAGCGGTGAAATGCGTAGATATTAGGAGGAACACCAGTGGCGAAGGCGGCTTACTGGACAGTAACTGACGTTGAGGCTCGAAAGCGTGGGG","Aut","DESEQ_time","d__Bacteria","p__Firmicutes_A","c__Clostridia","o__Lachnospirales","f__Lachnospiraceae","g__Faecalicatena","s__torques","t__unclassified","Pets.in.home., Vegetable..consumption.frequency...longitudinal.."
"GCAAGCGTTATCCGGATTTACTGGGTGTAAAGGGAGCGTAGACGGCAAGGCAAGTCTGAAGTGAAAGCCCGGTGCTTAACGCCGGGACTGCTTTGGAAACTGTTTAGCTGGAGTGCCGGAGAGGTAAGCGGAATTCCTAGTGTAGCGGTGAAATGCGTAGATATTAGGAAGAACACCAGTGGCGAAGGCGGCTTACTGGACGGTAACTGACGTTGAGGCTCGAAAGCGTGGGG","Aut","DESEQ_time","d__Bacteria","p__Firmicutes_A","c__Clostridia","o__Lachnospirales","f__Lachnospiraceae","g__unclassified","s__unclassified","t__unclassified","Toilet.trained., Vegetable..consumption.frequency...longitudinal.."
"GCAAGCGTTATCCGGATTTACTGGGTGTAAAGGGAGCGTAGACGGCAAGGCAAGTCTGAAGTGAAAGCCCGGTGCTTAACGCCGGGACTGCTTTGGAAACTGTTTGGCTGGAGTGCCGGAGAGGTAAGCGGAATTCCTAGTGTAGCGGTGAAATGCGTAGATATTAGGAAGAACACCAGTGGCGAAGGCGGCTTACTGGACGGTAACTGACGTTGAGGCTCGAAAGCGTGGGG","Aut","DESEQ_time","d__Bacteria","p__Firmicutes_A","c__Clostridia","o__Lachnospirales","f__Lachnospiraceae","g__unclassified","s__unclassified","t__unclassified","Pets.in.home., Toilet.trained."
"GCAAGCGTTATCCGGATTTACTGGGTGTAAAGGGAGCGTAGACGGCAAGGCAAGTCTGATGTGAAAACCCAGGGCTTAACCCTGGGACTGCATTGGAAACTGTCTGGCTCGAGTGCCGGAGAGGTAAGCGGAATTCCTAGTGTAGCGGTGAAATGCGTAGATATTAGGAAGAACACCAGTGGCGAAGGCGGCTTACTGGACGGTAACTGACGTTGAGGCTCGAAAGCGTGGGG","Aut","DESEQ_time","d__Bacteria","p__Firmicutes_A","c__Clostridia","o__Lachnospirales","f__Lachnospiraceae","g__Fusicatenibacter","s__saccharivorans","t__unclassified","Vegetable..consumption.frequency...longitudinal.."
"GCAAGCGTTATCCGGATTTACTGGGTGTAAAGGGAGCGTAGACGGCATGACAAGCCAGATGTGAAAACCCAGGGCTCAACCCTGGGACTGCATTTGGAACTGCCAGGCTGGAGTGCAGGAGAGGTAAGCGGAATTCCTAGTGTAGCGGTGAAATGCGTAGATATTAGGAGGAACACCAGTGGCGAAGGCGGCTTACTGGACTGTAACTGACGTTGAGGCTCGAAAGCGTGGGG","Aut","DESEQ_time","d__Bacteria","p__Firmicutes_A","c__Clostridia","o__Lachnospirales","f__Lachnospiraceae","g__Eisenbergiella","s__massiliensis","t__unclassified",""
"GCAAGCGTTATCCGGATTTACTGGGTGTAAAGGGAGCGTAGACGGCATGGCAAGCCAGATGTGAAAACCCAGGGCTCAACCTTGGGATTGCATTTGGAACTGCCAGGCTGGAGTGCAGGAGAGGTAAGCGGAATTCCTAGTGTAGCGGTGAAATGCGTAGATATTAGGAGGAACACCAGTGGCGAAGGCGGCTTACTGGACTGTAACTGACGTTGAGGCTCGAAAGCGTGGGG","Aut","DESEQ_time","d__Bacteria","p__Firmicutes_A","c__Clostridia","o__Lachnospirales","f__Lachnospiraceae","g__Eisenbergiella","s__tayi","t__unclassified","GI.symptoms.within..months..M.."
"GCAAGCGTTATCCGGATTTACTGGGTGTAAAGGGAGCGTAGACGGCATGGCAAGTCTGAAGTGAAAACCCAGGGCTCAACCCTGGGACTGCTTTGGAAACTGTCAAGCTAGAGTGCAGGAGAGGTAAGTGGAATTCCTAGTGTAGCGGTGAAATGCGTAGATATTAGGAGGAACACCAGTGGCGAAGGCGGCTTACTGGACTGTAACTGACGTTGAGGCTCGAAAGCGTGGGG","Aut","DESEQ_time","d__Bacteria","p__Firmicutes_A","c__Clostridia","o__Lachnospirales","f__Lachnospiraceae","g__Clostridium_M","s__asparagiforme","t__unclassified","Pets.in.home., Meats.and.seafood..consumption.frequency...longitudinal.."
"GCAAGCGTTATCCGGATTTACTGGGTGTAAAGGGAGCGTAGACGGCATGGCAAGTCTGAAGTGAAAGCCCGGGGCTCAACCCCGGGACTGCTTTGGAAACTGTCAGGCTAGAGTGCTGGAGAGGTAAGTGGAATTCCTAGTGTAGCGGTGAAATGCGTAGATATTAGGAGGAACACCAGTGGCGAAGGCGGCTTACTGGACAGTGACTGACGTTGAGGCTCGAAAGCGTGGGG","Aut","DESEQ_time","d__Bacteria","p__Firmicutes_A","c__Clostridia","o__Lachnospirales","f__Lachnospiraceae","g__unclassified","s__unclassified","t__unclassified",""
"GCAAGCGTTATCCGGATTTACTGGGTGTAAAGGGAGCGTAGACGGCGAAGCAAGTCTGAAGTGAAAACCCAGGGCTCAACCCTGGGACTGCTTTGGAAACTGTTTTGCTAGAGTGTCGGAGAGGTAAGTGGAATTCCTAGTGTAGCGGTGAAATGCGTAGATATTAGGAGGAACACCAGTGGCGAAGGCGGCTTACTGGACGATAACTGACGTTGAGGCTCGAAAGCGTGGGG","Aut","DESEQ_time","d__Bacteria","p__Firmicutes_A","c__Clostridia","o__Lachnospirales","f__Lachnospiraceae","g__Clostridium_M","s__unclassified","t__unclassified","Dietary.restrictions..M.."
"GCAAGCGTTATCCGGATTTACTGGGTGTAAAGGGAGCGTAGACGGCGACGCAAGTCTGAAGTGAAATACCCGGGCTCAACCTGGGAACTGCTTTGGAAACTGTGTTGCTAGAGTGCTGGAGAGGTAAGCGGAATTCCTAGTGTAGCGGTGAAATGCGTAGATATTAGGAAGAACACCAGTGGCGAAGGCGGCTTACTGGACAGTAACTGACGTTGAGGCTCGAAAGCGTGGGG","Aut","DESEQ_time","d__Bacteria","p__Firmicutes_A","c__Clostridia","o__Lachnospirales","f__Lachnospiraceae","g__unclassified","s__unclassified","t__unclassified",""
"GCAAGCGTTATCCGGATTTACTGGGTGTAAAGGGAGCGTAGACGGCGAGGCAAGTCTGATGTGAAAACCCGGGGCTCAACCCCGTGACTGCATTGGAAACTGTTTTGCTTGAGTGCCGGAGAGGTAAGCGGAATTCCTAGTGTAGCGGTGAAATGCGTAGATATTAGGAGGAACACCAGTGGCGAAGGCGGCTTACTGGACGGCAACTGACGTTGAGGCTCGAAAGCGTGGGG","Aut","ZIG_time","d__Bacteria","p__Firmicutes_A","c__Clostridia","o__Lachnospirales","f__Lachnospiraceae","g__unclassified","s__unclassified","t__unclassified","Non.celiac.gluten.sensitivity."
"GCAAGCGTTATCCGGATTTACTGGGTGTAAAGGGAGCGTAGACGGCGATGCAAGCCAGATGTGAAAGCCCGGGGCTCAACCCCGGGACTGCATTTGGAACTGCGTGGCTGGAGTGTCGGAGAGGCAGGCGGAATTCCTAGTGTAGCGGTGAAATGCGTAGATATTAGGAGGAACACCAGTGGCGAAGGCGGCCTGCTGGACGATGACTGACGTTGAGGCTCGAAAGCGTGGGG","Aut","DESEQ_time","d__Bacteria","p__Firmicutes_A","c__Clostridia","o__Lachnospirales","f__Lachnospiraceae","g__Dorea","s__scindens","t__unclassified",""
"GCAAGCGTTATCCGGATTTACTGGGTGTAAAGGGAGCGTAGACGGCTGTGCAAGTCTGAAGTGAAAGGCATGGGCTCAACCTGTGGACTGCTTTGGAAACTGTGCAGCTAGAGTGTCGGAGAGGTAAGTGGAATTCCTAGTGTAGCGGTGAAATGCGTAGATATTAGGAGGAACACCAGTGGCGAAGGCGGCTTACTGGACGATGACTGACGTTGAGGCTCGAAAGCGTGGGG","Aut","DESEQ_time","d__Bacteria","p__Firmicutes_A","c__Clostridia","o__Lachnospirales","f__Lachnospiraceae","g__Dorea","s__formicigenerans","t__unclassified","Multivitamin., GI.symptoms.within..months..M.."
"GCAAGCGTTATCCGGATTTACTGGGTGTAAAGGGAGCGTAGACGGTAAAGCAAGTCTGAAGTGAAAGCCCGCGGCTCAACTGCGGGACTGCTTTGGAAACTGTTTAACTGGAGTGTCGGAGAGGTAAGTGGAATTCCTAGTGTAGCGGTGAAATGCGTAGATATTAGGAGGAACACCAGTGGCGAAGGCGACTTACTGGACGATAACTGACGTTGAGGCTCGAAAGCGTGGGG","Aut","DESEQ_time","d__Bacteria","p__Firmicutes_A","c__Clostridia","o__Lachnospirales","f__Lachnospiraceae","g__Clostridium_Q","s__symbiosum","t__unclassified","Multivitamin."
"GCAAGCGTTATCCGGATTTACTGGGTGTAAAGGGAGCGTAGACGGTGTGGCAAGTCTGATGTGAAAGGCATGGGCTCAACCTGTGGACTGCATTGGAAACTGTCATACTTGAGTGCCGGAGGGGTAAGCGGAATTCCTAGTGTAGCGGTGAAATGCGTAGATATTAGGAGGAACACCAGTGGCGAAGGCGGCTTACTGGACGGTAACTGACGTTGAGGCTCGAAAGCGTGGGG","Control,Control","ZIG_time, ANCOM_time","d__Bacteria","p__Firmicutes_A","c__Clostridia","o__Lachnospirales","f__Lachnospiraceae","g__Blautia_A","s__wexlerae","t__unclassified","Lactose.intolerance., Dietary.supplement., GI.symptoms.within..months..M.."
"GCAAGCGTTATCCGGATTTACTGGGTGTAAAGGGAGCGTAGACGGTTAAGCAAGTCTGAAGTGAAAGCCCGGGGCTCAACCCCGGTACTGCTTTGGAAACTGTTTGACTTGAGTGCAGGAGAGGTAAGTGGAATTCCTAGTGTAGCGGTGAAATGCGTAGATATTAGGAGGAACACCAGTGGCGAAGGCGGCTTACTGGACTGTAACTGACGTTGAGGCTCGAAAGCGTGGGG","Aut","DESEQ_time","d__Bacteria","p__Firmicutes_A","c__Clostridia","o__Lachnospirales","f__Lachnospiraceae","g__Hungatella","s__effluvii","t__unclassified","Toilet.trained."
"GCAAGCGTTATCCGGATTTACTGGGTGTAAAGGGAGCGTAGACGGTTATGTAAGTCTGATGTGAAAACCCGGGGCTCAACCCCGGGACTGCATTGGAAACTATGTAACTAGAGTGTCGGAGAGGTAAGTGGAATTCCTAGTGTAGCGGTGAAATGCGTAGATATTAGGAGGAACACCAGTGGCGAAGGCGGCTTACTGGACGATGACTGACGTTGAGGCTCGAAAGCGTGGGG","Aut","DESEQ_time","d__Bacteria","p__Firmicutes_A","c__Clostridia","o__Lachnospirales","f__Lachnospiraceae","g__Faecalicatena","s__unclassified","t__unclassified",""
"GCAAGCGTTATCCGGATTTACTGGGTGTAAAGGGAGCGTAGACGGTTGTGTAAGTCTGATGTGAAAGCCCGGGGCTCAACCCCGGGACTGCATTGGAAACTATGTAACTAGAGTGTCGGAGAGGTAAGCGGAATTCCTAGTGTAGCGGTGAAATGCGTAGATATTAGGAGGAACACCAGTGGCGAAGGCGGCTTACTGGACGATCACTGACGTTGAGGCTCGAAAGCGTGGGG","Aut","DESEQ_time","d__Bacteria","p__Firmicutes_A","c__Clostridia","o__Lachnospirales","f__Lachnospiraceae","g__Tyzzerella","s__nexilis","t__unclassified","Outdoors.pet., Pets.in.home., Toilet.trained."
"GCAAGCGTTATCCGGATTTACTGGGTGTAAAGGGAGCGTAGACGGTTTAGCAAGTCTGAAGTGAAAGCCCGGGGCTCAACCCCGGTACTGCTTTGGAAACTGTTAGACTTGAGTGCAGGAGAGGTAAGTGGAATTCCTAGTGTAGCGGTGAAATGCGTAGATATTAGGAGGAACACCAGTGGCGAAGGCGGCTTACTGGACTGTAACTGACGTTGAGGCTCGAAAGCGTGGGG","Aut,Aut","DESEQ_time, ZIG_time","d__Bacteria","p__Firmicutes_A","c__Clostridia","o__Lachnospirales","f__Lachnospiraceae","g__unclassified","s__unclassified","t__unclassified",""
"GCAAGCGTTATCCGGATTTACTGGGTGTAAAGGGAGCGTAGGCGGCAGCGCAAGTCAGAAGTGAAAGCCCGGGGCTCAACTCCGGGACTGCTTTTGAAACTGTGTAGCTAGATTGCAGGAGAGGTAAGTGGAATTCCTAGTGTAGCGGTGAAATGCGTAGATATTAGGAGGAACACCAGTGGCGAAGGCGGCTTACTGGACTGTAAATGACGCTGAGGCTCGAAAGCGTGGGG","Aut","ZIG_time","d__Bacteria","p__Firmicutes_A","c__Clostridia","o__Lachnospirales","f__Lachnospiraceae","g__unclassified","s__unclassified","t__unclassified",""
"GCAAGCGTTATCCGGATTTACTGGGTGTAAAGGGAGTGTAGGTGGCCATGCAAGTCAGAAGTGAAAATCCGGGGCTCAACCCCGGAACTGCTTTTGAAACTGTAAGGCTAGAGTGCAGGAGGGGTGAGTGGAATTCCTAGTGTAGCGGTGAAATGCGTAGATATTAGGAGGAACACCAGTGGCGAAGGCGGCTCACTGGACTGTAACTGACACTGAGGCTCGAAAGCGTGGGG","Aut","DESEQ_time","d__Bacteria","p__Firmicutes_A","c__Clostridia","o__Lachnospirales","f__Lachnospiraceae","g__Lachnospira","s__unclassified","t__unclassified","Vegetable..consumption.frequency...longitudinal.."
"GCAAGCGTTATCCGGATTTACTGGGTGTAAAGGGAGTGTAGGTGGTATCACAAGTCAGAAGTGAAAGCCCGGGGCTCAACCCCGGGACTGCTTTTGAAACTGTGGAACTGGAGTGCAGGAGAGGTAAGTGGAATTCCTAGTGTAGCGGTGAAATGCGTAGATATTAGGAGGAACACCAGTGGCGAAGGCGGCTTACTGGACTGTAACTGACACTGAGGCTCGAAAGCGTGGGG","Aut","DESEQ_time","d__Bacteria","p__Firmicutes_A","c__Clostridia","o__Lachnospirales","f__Lachnospiraceae","g__unclassified","s__unclassified","t__unclassified","Dietary.supplement."
"GCAAGCGTTATCCGGATTTACTGGGTGTAAAGGGCGCGCAGGCGGGCCGGCAAGTTGGGAGTGAAATCCCGGGGCTTAACCCCGGAACTGCTTTCAAAACTGCTGGTCTTGAGTGATGGAGAGGCAGGCGGAATTCCGTGTGTAGCGGTGAAATGCGTAGATATACGGAGGAACACCAGTGGCGAAGGCGGCCTGCTGGACATTAACTGACGCTGAGGCGCGAAAGCGTGGGG","Aut","DESEQ_time","d__Bacteria","p__Firmicutes_A","c__Clostridia","o__Oscillospirales","f__Butyricicoccaceae","g__Agathobaculum","s__unclassified","t__unclassified","Pets.in.home."
"GCAAGCGTTATCCGGATTTACTGGGTGTAAAGGGCGTGTAGGCGGGAAAGCAAGTCAGGCGTGAAAACTATGGGCTCAACCCATAGCCTGCGTTTGAAACTGTTTTTCTTGAGTGTCGGAGAGGCAATCGGAATTCCGTGTGTAGCGGTGAAATGCGTAGATATACGGAGGAACACCAGTGGCGAAGGCGGATTGCTGGACGATAACTGACGCTGAGGCGCGAAAGCGTGGGG","Aut","ZIG_time","d__Bacteria","p__Firmicutes_A","c__Clostridia","o__Oscillospirales","f__Oscillospiraceae","g__unclassified","s__unclassified","t__unclassified",""
"GCAAGCGTTATCCGGATTTACTGGGTGTAAAGGGCGTGTAGGCGGGACTGCAAGTCAGATGTGAAAACTATGAGCTCAACTCATAGCCTGCATTTGAAACTGTAGTTCTTGAGTGCTGGAGAGGCAATCGGAATTCCGTGTGTAGCGGTGAAATGCGTAGATATACGGAGGAACACCAGTGGCGAAGGCGGATTGCTGGACAGTAACTGACGCTGAGGCGCGAAAGCGTGGGG","Aut,Aut","DESEQ_time, ZIG_time","d__Bacteria","p__Firmicutes_A","c__Clostridia","o__Oscillospirales","f__Oscillospiraceae","g__unclassified","s__unclassified","t__unclassified","GI.symptoms.within..months..M.."
"GCAAGCGTTATCCGGATTTACTGGGTGTAAAGGGCGTGTAGGCGGGAGTGCAAGTCAGATGTGAAAACTATGGGCTCAACCCATAGCCTGCATTTGAAACTGTACTTCTTGAGTGATGGAGAGGCAGGCGGAATTCCCTGTGTAGCGGTGAAATGCGTAGATATAGGGAGGAACACCAGTGGCGAAGGCGGCCTGCTGGACATTAACTGACGCTGAGGCGCGAAAGCGTGGGG","Aut","DESEQ_time","d__Bacteria","p__Firmicutes_A","c__Clostridia","o__Oscillospirales","f__Oscillospiraceae","g__Intestinimonas","s__butyriciproducens","t__unclassified","Toilet.trained., GI.symptoms.within..months..M.."
"GCAAGCGTTATCCGGATTTACTGGGTGTAAAGGGCGTGTAGGCGGGATTGCAAGTCAGATGTGAAAACTGGGGGCTCAACCTCCAGCCTGCATTTGAAACTGTAGTTCTTGAGTGCTGGAGAGGCAATCGGAATTCCGTGTGTAGCGGTGAAATGCGTAGATATACGGAGGAACACCAGTGGCGAAGGCGGATTGCTGGACAGTAACTGACGCTGAGGCGCGAAAGCGTGGGG","Aut","DESEQ_time","d__Bacteria","p__Firmicutes_A","c__Clostridia","o__Oscillospirales","f__Oscillospiraceae","g__Flavonifractor","s__unclassified","t__unclassified","Vitamin.B.complex.supplement..consumption.frequency.."
"GCAAGCGTTATCCGGATTTACTGGGTGTAAAGGGTGCGTAGGTGGCAAGGCAAGTCAGATGTGAAAGCCCGGGGCTCAACCCCGGTACTGCATTTGAAACTGTCTAGCTAGAGTGCAGGAGAGGTAAGCGGAATTCCTAGTGTAGCGGTGAAATGCGTAGATATTAGGAGGAACACCAGTGGCGAAGGCGGCTTACTGGACTGTAACTGACACTGAGGCACGAAAGCGTGGGG","Control","ZIG_time","d__Bacteria","p__Firmicutes_A","c__Clostridia","o__Lachnospirales","f__Lachnospiraceae","g__unclassified","s__unclassified","t__unclassified","Dietary.supplement., GI.symptoms.within..months..M.., Meats.and.seafood..consumption.frequency...longitudinal.."
"GCAAGCGTTATCCGGATTTACTGGGTGTAAAGGGTGCGTAGGTGGCAGTGCAAGTCAGATGTGAAAGGCCGGGGCTCAACCCCGGAGCTGCATTTGAAACTGCATAGCTAGAGTACAGGAGAGGCAGGCGGAATTCCTAGTGTAGCGGTGAAATGCGTAGATATTAGGAGGAACACCAGTGGCGAAGGCGGCCTGCTGGACTGTTACTGACACTGAGGCACGAAAGCGTGGGG","Aut","ZIG_time","d__Bacteria","p__Firmicutes_A","c__Clostridia","o__Lachnospirales","f__Lachnospiraceae","g__Eubacterium_E","s__hallii_A","t__unclassified","Pets.in.home."
"GCAAGCGTTGTCCGGAATGATTGGGCGTAAAGGGCGCGTAGGCGGCCTGGTAAGTTTGAAGTGAAAGTCCTTCTTTTAAGGAGGGAACTGCTTTGAAAACTGTCGGGCTTGAGTGCAGGAGAGGTAAGCGGAATTCCCGGTGTAGCGGTGAAATGCGTAGAGATCGGGAGGAACACCAGTGGCGAAGGCGGCTTACTGGACTGTTACTGACGCTGAGGCGCGAAAGTGTGGGG","Aut","DESEQ_time","d__Bacteria","p__Firmicutes_A","c__Clostridia","o__unclassified","f__unclassified","g__unclassified","s__unclassified","t__unclassified",""
"GCAAGCGTTGTCCGGAATTACTGGGCGTAAAGGGTGCGTAGGCGGTTTGTCAAGTCGAATGTGAAATACCGGGGCTCAACCCCGGGGCTGCATTCGAAACTGGCAGACTTGAGTGCAGGAGAGGAAAGCGGAATTCCTAGTGTAGCGGTGAAATGCGTAGATATTAGGAGGAACACCGGTGGCGAAGGCGGCTTTCTGGACTGTAACTGACGCTGAGGCACGAAAGCGTGGGG","Aut","DESEQ_time","d__Bacteria","p__Firmicutes_A","c__unclassified","o__unclassified","f__unclassified","g__unclassified","s__unclassified","t__unclassified",""
"GCAAGCGTTGTCCGGAATTACTGGGTGTAAAGGGAGCGCAGGCGGATTGGCAAGTTGGGAGTGAAATCTATGGGCTCAACCCATAAATTGCTTTCAAAACTGTCAGTCTTGAGTGGTGTAGAGGTAGGCGGAATTCCCGGTGTAGCGGTGGAATGCGTAGATATCGGGAGGAACACCAGTGGCGAAGGCGGCCTACTGGGCACTAACTGACGCTGAGGCTCGAAAGCATGGGT","Aut","DESEQ_time","d__Bacteria","p__Firmicutes_A","c__Clostridia","o__Oscillospirales","f__Ruminococcaceae","g__Ruthenibacterium","s__lactatiformans","t__unclassified","Vegetable..consumption.frequency...longitudinal.., Vitamin.B.complex.supplement..consumption.frequency.."
"GCAAGCGTTGTCCGGAATTACTGGGTGTAAAGGGAGCGTAGGCGGGCAGGCAAGTCAGGCGTGAAATATATCGGCTCAACCGGTAACGGCGCTTGAAACTGCAGGTCTTGAGTGAAGTAGAGGTTGGCGGAATTCCTAGTGTAGCGGTGAAATGCGTAGATATTAGGAGGAACACCAGTGGCGAAGGCGGCCAACTGGGCTTTTACTGACGCTGAGGCTCGAAAGTGTGGGG","Aut","DESEQ_time","d__Bacteria","p__Firmicutes_A","c__Clostridia","o__Oscillospirales","f__Ruminococcaceae","g__unclassified","s__unclassified","t__unclassified",""
"GCAAGCGTTGTCCGGAATTATTGGGCGTAAAGAGTACGTAGGCGGTTTGCTAAGCGCAAGGTGAAAGGCAGTGGCTTAACCATTGTAAGCCTTGCGAACTGACAGACTTGAGTGCAGGAGAGGAAAGCGGAATTCCTAGTGTAGCGGTGAAATGCGTAGATATTAGGAGGAACACCGGTGGCGAAGGCGGCTTTCTGGACTGTAACTGACGCTGAGGTACGAAAGCGTGGGG","Aut","DESEQ_time","d__Bacteria","p__unclassified","c__unclassified","o__unclassified","f__unclassified","g__unclassified","s__unclassified","t__unclassified","Dietary.supplement."
"GCAAGCGTTGTCCGGAATTATTGGGCGTAAAGCGCGCGCAGGCGGATTGGTCAGTCTGTCTTAAAAGTTCGGGGCTTAACCCCGTGATGGGATGGAAACTGCCAATCTAGAGTATCGGAGAGGAAAGTGGAATTCCTAGTGTAGCGGTGAAATGCGTAGATATTAGGAAGAACACCAGTGGCGAAGGCGACTTTCTGGACGAAAACTGACGCTGAGGCGCGAAAGCCAGGGG","Control","ZIG_time","d__Bacteria","p__Firmicutes_C","c__Negativicutes","o__Veillonellales","f__Veillonellaceae","g__Veillonella","s__unclassified","t__unclassified","Pets.in.home., Toilet.trained., Multivitamin."
"GCAAGCGTTGTCCGGAATTATTGGGCGTAAAGCGCGCGCAGGCGGTTTCATAAGTCTGTCTTAAAAGTGCGGGGCTTAACCCCGTGAGGGGATGGAAACTATGGAACTGGAGTATCGGAGAGGAAAGCGGAATTCCTAGTGTAGCGGTGAAATGCGTAGATATTAGGAAGAACACCAGTGGCGAAGGCGGCTTTCTGGACGACAACTGACGCTGAGGCGCGAAAGCCAGGGG","Control","DESEQ_time","d__Bacteria","p__Firmicutes_C","c__Negativicutes","o__Veillonellales","f__Veillonellaceae","g__Veillonella_A","s__seminalis","t__unclassified",""
"GCAAGCGTTGTCCGGAATTATTGGGCGTAAAGCGCGCGCAGGTGGTTTAATAAGTCTGATGTGAAAGCCCACGGCTCAACCGTGGAGGGTCATTGGAAACTGTTAAACTTGAGTGCAGGAGAGAAAAGTGGAATTCCTAGTGTAGCGGTGAAATGCGTAGAGATTAGGAGGAACACCAGTGGCGAAGGCGGCTTTTTGGCCTGTAACTGACACTGAGGCGCGAAAGCGTGGGG","Aut","DESEQ_time","d__Bacteria","p__Firmicutes","c__Bacilli","o__Staphylococcales","f__Gemellaceae","g__Gemella","s__unclassified","t__unclassified","Dietary.restrictions..M.., GI.symptoms.within..months..M.."
"GCAAGCGTTGTCCGGATTCACTGGGCGTAAAGAGCACGTAGGCGGTTAATTAAGTCAGGTGTGAAAGTTTTCGGCTCAACCGGAAAAGTGCACTTGAAACTGGATAACTTGAGTATCGGAGAGGTAAGCGGAATTCCTAGTGTAGCGGTGAAATGCGTAGAGATTAGGAAGAACACCGGTGGCGAAGGCGGCTTACTGGACGATAACTGACGCTGAGGTGCGAAAGCGTGGGG","Aut","ZIG_time","d__Bacteria","p__Firmicutes_A","c__Clostridia","o__Eubacteriales","f__Anaerofustaceae","g__Anaerofustis","s__stercorihominis","t__unclassified",""
"GCAAGCGTTGTCCGGATTTACTGGGTGTAAAGGGCGTGCAGCCGGGCCGGCAAGTCAGATGTGAAATCTGGAGGCTTAACCTCCAAACTGCATTTGAAACTGTAGGTCTTGAGTACCGGAGAGGTTATCGGAATTCCTTGTGTAGCGGTGAAATGCGTAGATATAAGGAAGAACACCAGTGGCGAAGGCGGATAACTGGACGGCAACTGACGGTGAGGCGCGAAAGCGTGGGG","Aut","DESEQ_time","d__Bacteria","p__Firmicutes_A","c__Clostridia","o__Oscillospirales","f__Oscillospiraceae","g__Oscillibacter","s__114722","t__unclassified","Vitamin.B.complex.supplement..consumption.frequency.."
"GCAAGCGTTGTCCGGATTTACTGGGTGTAAAGGGCGTGCAGCCGGGCTGGCAAGTCAGGCGTGAAATCCCAGGGCTCAACCCTGGAACTGCGTTTGAAACTGCTGGTCTTGAGTACCGGAGAGGTCATCGGAATTCCTTGTGTAGCGGTGAAATGCGTAGATATAAGGAAGAACACCAGTGGCGAAGGCGGATGACTGGACGGCAACTGACGGTGAGGCGCGAAAGCGTGGGG","Aut","DESEQ_time","d__Bacteria","p__Firmicutes_A","c__Clostridia","o__Oscillospirales","f__Oscillospiraceae","g__Oscillibacter","s__167149","t__unclassified",""
"GCAAGCGTTGTCCGGATTTACTGGGTGTAAAGGGCGTGTAGGCGGAGAAGCAAGTCAGAAGTGAAATCCATGGGCTTAACCCATGAACTGCTTTTGAAACTGTTTCCCTTGAGTATCGGAGAGGCAGGCGGAATTCCTAGTGTAGCGGTGAAATGCGTAGATATTAGGAGGAACACCAGTGGCGAAGGCGGCCTGCTGGACGACAACTGACGCTGAGGCGCGAAAGCGTGGGG","Control","ZIG_time","d__Bacteria","p__Firmicutes_A","c__Clostridia","o__Oscillospirales","f__Oscillospiraceae","g__unclassified","s__unclassified","t__unclassified","Non.celiac.gluten.sensitivity., Toilet.trained., Vegetable..consumption.frequency...longitudinal.., Multivitamin."
"GCAAGCGTTGTCCGGATTTACTGGGTGTAAAGGGTGCGTAGGCGGCTTTGCAAGTCAGATGTGAAATCTATGGGCTCAACCCATAAACTGCATTTGAAACTGTAGAGCTTGAGTGAAGTAGAGGCAGGCGGAATTCCCCGTGTAGCGGTGAAATGCGTAGAGATGGGGAGGAACACCAGTGGCGAAGGCGGCCTGCTGGGCTTTAACTGACGCTGAGGCACGAAAGCGTGGGT","Aut","DESEQ_time","d__Bacteria","p__Firmicutes_A","c__Clostridia","o__Oscillospirales","f__Acutalibacteraceae","g__Ruminococcus_E","s__unclassified","t__unclassified","Vitamin.B.complex.supplement..consumption.frequency.."
"GCAAGCGTTGTCCGGATTTATTGGGCGTAAAGCGAGCGCAGGCGGTTTTTTAAGTCTGATGTGAAAGCCTTCGGCTCAACCGAAGAAGTGCATCGGAAACTGGGAAACTTGAGTGCAGAAGAGGACAGTGGAACTCCATGTGTAGCGGTGAAATGCGTAGATATATGGAAGAACACCAGTGGCGAAGGCGGCTGTCTGGTCTGTAACTGACGCTGAGGCTCGAAAGTATGGGT","Aut","DESEQ_time","d__Bacteria","p__Firmicutes","c__Bacilli","o__Lactobacillales","f__Lactobacillaceae","g__Lactobacillus_F","s__unclassified","t__unclassified",""
"GCAAGCGTTGTTCGGAATTACTGGGCGTAAAGGGAGTGTAGGCGGTTATGTAAGATAGTGGTGAAATCCCAGAGCTTAACTTTGGAATTGCCATTATGACTATGTGGCTAGAATTACAGAGAGGATAGTGGAATACCCAGTGTAGAGGTGAAATTCGTAGATATTGGGTAGAACACCAGTGGCGAAGGCGACTATCTGGCTGTATATTGACGCTGAGGCTCGAAAGCATGGGG","Aut","DESEQ_time","d__Bacteria","p__Proteobacteria","c__Alphaproteobacteria","o__unclassified","f__unclassified","g__unclassified","s__unclassified","t__unclassified","Pets.in.home."
"GCGAGCGTTAATCGGAATAACTGGGCGTAAAGGGCACGCAGGCGGTGACTTAAGTGAGGTGTGAAAGCCCCGGGCTTAACCTGGGAATTGCATTTCATACTGGGTCGCTAGAGTACTTTAGGGAGGGGTAGAATTCCACGTGTAGCGGTGAAATGCGTAGAGATGTGGAGGAATACCGAAGGCGAAGGCAGCCCCTTGGGAATGTACTGACGCTCATGTGCGAAAGCGTGGGG","Control,Control","ZIG_time, ANCOM_time","d__Bacteria","p__Proteobacteria","c__Gammaproteobacteria","o__Enterobacterales","f__Pasteurellaceae","g__Haemophilus_D","s__unclassified","t__unclassified","Pets.in.home., Lactose.intolerance., Dietary.restrictions..M.., Multivitamin."
"GCGAGCGTTAATCGGAATTACTGGGCGTAAAGGGTGCGCAGGCGGTTGAGTAAGACAGATGTGAAATCCCCGAGCTTAACTCGGGAATGGCATATGTGACTGCTCGACTAGAGTGTGTCAGAGGGAGGTGGAATTCCACGTGTAGCAGTGAAATGCGTAGATATGTGGAAGAACACCGATGGCGAAGGCAGCCTCCTGGGACATAACTGACGCTCAGGCACGAAAGCGTGGGG","Aut","DESEQ_time","d__Bacteria","p__Proteobacteria","c__Gammaproteobacteria","o__Burkholderiales","f__Burkholderiaceae","g__Parasutterella","s__excrementihominis","t__unclassified","Dietary.supplement., Multivitamin."
"GCGAGCGTTATCCGGAATCATTGGGCGTAAAGGGTGCGTAGGTGGCACGATAAGTCTGTAGTAAAAGGCAGCGGCTCAACCGCTGTTGGCTATGGAAACTGTCGAGCTGGAGTGCAGAAGAGGGCGATGGAATTCCATGTGTAGCGGTAAAATGCGTAGATATATGGAGGAACACCAGTGGCGAAGGCGGCCGCCTGGTCTGCAACTGACACTGAAGCACGAAAGCGTGGGG","Aut","DESEQ_time","d__Bacteria","p__Firmicutes","c__Bacilli","o__Erysipelotrichales","f__Erysipelotrichaceae","g__unclassified","s__unclassified","t__unclassified",""
"GCGAGCGTTATCCGGAATTATTGGGCGTAAAGAGCGCGCAGGTGGTTGATTAAGTCTGATGTGAAAGCCCACGGCTTAACCGTGGAGGGTCATTGGAAACTGGTCGACTTGAGTGCAGAAGAGGGAAGTGGAATTCCATGTGTAGCGGTGAAATGCGTAGAGATATGGAGGAACACCAGTGGCGAAGGCGGCTTCCTGGTCTGTAACTGACACTGAGGCGCGAAAGCGTGGGG","Aut","DESEQ_time","d__Bacteria","p__Firmicutes","c__Bacilli","o__Haloplasmatales","f__Turicibacteraceae","g__Turicibacter","s__unclassified","t__unclassified",""
"GCGAGCGTTATCCGGAATTATTGGGCGTAAAGAGGGAGCAGGCGGCGGCAGAGGTCTGTGGTGAAAGACTGAAGCTTAACTTCAGTAAGCCATAGAAACCGGGCTGCTAGAGTGCAGGAGAGGATCGTGGAATTCCATGTGTAGCGGTGAAATGCGTAGATATATGGAGGAACACCAGTGGCGAAGGCGACGGTCTGGCCTGTAACTGACGCTCATTCCCGAAAGCGTGGGG","Aut","DESEQ_time","d__Bacteria","p__Firmicutes","c__Bacilli","o__Erysipelotrichales","f__Erysipelatoclostridiaceae","g__Erysipelatoclostridium","s__spiroforme","t__unclassified","Toilet.trained., Dietary.supplement., Meats.and.seafood..consumption.frequency...longitudinal.."
"GCGAGCGTTATCCGGAATTATTGGGCGTAAAGAGTGCGTAGGTGGTAACTTAAGCGCGGGGTTTAAGGCAATGGCTTAACCATTGTTCGCCCTGCGAACTGGGATACTTGAGTGCAGGAGAGGAAAGCGGAATTCCTAGTGTAGCGGTGAAATGCGTAGATATTAGGAGGAACACCAGTGGCGAAGGCGGCTTTCTGGACTGAAACTGACACTGAGGCACGAAAGTGTGGGG","Aut,Aut","DESEQ_time, ZIG_time","d__Bacteria","p__Firmicutes_A","c__Clostridia","o__Peptostreptococcales","f__Anaerovoracaceae","g__unclassified","s__unclassified","t__unclassified","Lactose.intolerance., Dietary.supplement."
"GCGAGCGTTATCCGGAATTATTGGGCGTAAAGGGTGCGCAGGCGGTTTGTTAAGTTTAAGGTGAAAGCGTGGGGCTTAACCCCATATAGCCTTAGAAACTGACAGACTAGAGTACAGGAGAGGGCAATGGAATTCCATGTGTAGCGGTAAAATGCGTAGATATATGGAGGAACACCAGTGGCGAAGGCGGTTGCCTGGCCTGTAACTGACGCTCATGCACGAAAGCGTGGGG","Aut,Aut","DESEQ_time, ZIG_time","d__Bacteria","p__Firmicutes","c__Bacilli","o__Erysipelotrichales","f__Erysipelotrichaceae","g__Holdemania","s__unclassified","t__unclassified",""
"GCGAGCGTTATCCGGAATTATTGGGTGTAAAGGGTGCGTAGACGGGAGAACAAGTTAGTTGTGAAATACCTCGGCTCAACTGAGGAACTGCAACTAAAACTGTACTTCTTGAGTGCAGGAGAGGTAAGTGGAATTCCTAGTGTAGCGGTGAAATGCGTAGATATTAGGAGGAACACCAGTGGCGAAGGCGACTTACTGGACTGTAACTGACGTTGAGGCACGAAAGTGTGGGG","Aut","DESEQ_time","d__Bacteria","p__Firmicutes_A","c__Clostridia","o__unclassified","f__unclassified","g__unclassified","s__unclassified","t__unclassified",""
"GCGAGCGTTATCCGGATTCATTGGGCGTAAAGAGCGCGTAGGCGGCCTCTCAAGCGGGATCTCTAATCCGAGGGCTCAACCCCCGGCCGGATCCCGAACTGGGAGGCTCGAGTTCGGTAGAGGCAGGCGGAATTCCCGGTGTAGCGGTGGAATGCGCAGATATCGGGAAGAACACCGATGGCGAAGGCAGCCTGCTGGGCCGCAACTGACGCTGAGGCGCGAAAGCTAGGGG","Aut","DESEQ_time","d__Bacteria","p__Actinobacteriota","c__Coriobacteriia","o__Coriobacteriales","f__Eggerthellaceae","g__Eggerthella","s__lenta","t__unclassified","Toilet.trained."
"GCGAGCGTTATCCGGATTCATTGGGCGTAAAGCGCGCGTAGGCGGCCCGGCAGGCCGGGGGTCGAAGCGGGGGGCTCAACCCCCCGAAGCCCCCGGAACCTCCGCGGCTTGGGTCCGGTAGGGGAGGGTGGAACACCCGGTGTAGCGGTGGAATGCGCAGATATCGGGTGGAACACCGGTGGCGAAGGCGGCCCTCTGGGCCGAGACCGACGCTGAGGCGCGAAAGCTGGGGG","Aut","ZIG_time","d__Bacteria","p__Actinobacteriota","c__Coriobacteriia","o__Coriobacteriales","f__Coriobacteriaceae","g__Collinsella","s__unclassified","t__unclassified","Multivitamin."
"GCGAGCGTTATCCGGATTTATTGGGCGTAAAGCGTGTGTAGGCGGTTTATTAAGTTTAAGATTAAAGCCCGGGGCTCAACTCCGGTAAGTCTTAAAAACTGGTAGACTTGAGTACGGTAGAGGCAAACGGAATTTCTAGTGTAGCGGTGAAATGCGTAGATATTAGAAGGAACACCAGTGGCGAAAGCGGTTTGCTGGGCCGTTACTGACGCTGAGGCACGAAAGCGTGGGG","Aut","DESEQ_time","d__Bacteria","p__unclassified","c__unclassified","o__unclassified","f__unclassified","g__unclassified","s__unclassified","t__unclassified",""
"GCGAGCGTTGTCCGGAATGATTGGGCGTAAAGGGCGCGTAGGCGGCCTGCTAAGTCTGGAGTGAAAGTCCTGCTTTCAAGGTGGGAATTGCTTTGGATACTGGTGGGCTGGAGTGCAGGAGAGGAAAGCGGAATTACCGGTGTAGCGGTGAAATGCGTAGAGATCGGTAGGAACACCAGTGGCGAAGGCGGCTTTCTGGACTGAAACTGACGCTGAGGCGCGAAAGCGTGGGG","Aut","DESEQ_time","d__Bacteria","p__Firmicutes_A","c__Clostridia","o__Christensenellales","f__PROV_t__125037","g__PROV_t__256791","s__256791","t__unclassified","Multivitamin."
"GCGAGCGTTGTCCGGAATTACTGGGCGTAAAGGGCGCGTAGGCGGCCAATTAAGTTAGATGTGAAATCCCCGGGCTTAACCTGGGTGTTGCATTTAAAACTGATAGGCTTGAGTGCAGGAGAGGGAAGCGGAATTCCTAGTGTAGCGGTGGAATGCGTAGATATTAGGAGGAACACCAGTGGCGAAGGCGGCTTTCTGGACTGTAACTGACGCTGAGGCGCGAGAGCGTGGGG","Aut","DESEQ_time","d__Bacteria","p__Firmicutes_A","c__Clostridia","o__unclassified","f__unclassified","g__unclassified","s__unclassified","t__unclassified",""
"GCGAGCGTTGTCCGGAATTACTGGGCGTAAAGGGCGCGTAGGCGGTAGATCAAGTCGCATGTGAAATACCCGGGCTCAACCTGGGGGGTGCATGCGAAACTGGAATACTTGAGTGCGGTAGAGGAAAGTGGAATTCCTAGTGTAGCGGTGAAATGCGTAGATATTAGGAGGAACACCAGTGGCGAAGGCGACTTTCTGGGCCGTAACTGACGCTGAGGCGCGAAAGCGTGGGG","Aut","DESEQ_time","d__Bacteria","p__unclassified","c__unclassified","o__unclassified","f__unclassified","g__unclassified","s__unclassified","t__unclassified",""
"GCGAGCGTTGTCCGGAATTACTGGGCGTAAAGGGTGCGTAGGCGGCTGTGTAAGTCAGATGTGAAATACCGGGGCTTAACCTCGGGGCTGCATCTGATACTGCATAGCTTGAGTGCAGGAGAGGAAAGCGGAATTCCTAGTGTAGCGGTGAAATGCGTAGATATTAGGAGGAACACCAGTGGCGAAGGCGGCTTTCTGGACTGTAACTGACGCTGAGGCACGAAAGCGTGGGG","Aut","ZIG_time","d__Bacteria","p__Firmicutes_A","c__Clostridia","o__unclassified","f__unclassified","g__unclassified","s__unclassified","t__unclassified",""
"GCGAGCGTTGTCCGGAATTACTGGGCGTAAAGGGTGCGTAGGCGGTCTGAAAAGTCGGATGTGAAATCCCCGTGCTTAACATGGGAGCTGCATTCGAAACTTTCGGACTTGAGTGTCGGAGAGGTAAGCGGAATTCCCGGTGTAGCGGTGAAATGCGTAGATATCGGGAGGAACACCAGTGGCGAAGGCGGCTTACTGGACGACAACTGACGCTGAGGCACGAAAGCGTGGGG","Aut","DESEQ_time","d__Bacteria","p__Firmicutes_A","c__unclassified","o__unclassified","f__unclassified","g__unclassified","s__unclassified","t__unclassified","Multivitamin., Meats.and.seafood..consumption.frequency...longitudinal.."
"GCGAGCGTTGTCCGGAATTACTGGGTGTAAAGGGAGTGTAGGCGGGATCATAAGTTGCGTGTGAAATGCAGGGGCTCAACCCCTGAACTGCGCGCAAAACTGTGGTTCTTGAGTGAAGTAGAGGCAGGCGGAATTCCCGGTGTAGCGGTGGAATGCGTAGATATCGGGAGGAACACCAGTGGCGAAGGCGGCCTGCTGGGCTTTTACTGACGCTGAGGCTCGAAAGCATGGGG","Aut","ZIG_time","d__Bacteria","p__Firmicutes_A","c__Clostridia","o__Oscillospirales","f__Ruminococcaceae","g__Bittarella","s__massiliensis","t__unclassified",""
"GCGAGCGTTGTCCGGATTTACTGGGCGTAAAGGGAGCGTAGGCGGACTTTTAAGTGAGATGTGAAATACCCGGGCTCAACTTGGGTGCTGCATTTCAAACTGGAAGTCTAGAGTGCAGGAGAGGAGAATGGAATTCCTAGTGTAGCGGTGAAATGCGTAGAGATTAGGAAGAACACCAGTGGCGAAGGCGATTCTCTGGACTGTAACTGACGCTGAGGCTCGAAAGCGTGGGG","Aut","DESEQ_time","d__Bacteria","p__Firmicutes_A","c__Clostridia","o__Clostridiales","f__unclassified","g__unclassified","s__unclassified","t__unclassified","Dietary.restrictions..M.., Dietary.supplement."
"GCGAGCGTTGTCCGGATTTACTGGGCGTAAAGGGAGCGTAGGCGGATTTTTAAGTGAGATGTGAAATACTCGGGCTTAACCTGAGTGCTGCATTTCAAACTGGAAGTCTAGAGTGCAGGAGAGGAGAAGGGAATTCCTAGTGTAGCGGTGAAATGCGTAGAGATTAGGAAGAACACCAGTGGCGAAGGCGCTTCTCTGGACTGTAACTGACGCTGAGGCTCGAAAGCGTGGGG","Aut","DESEQ_time","d__Bacteria","p__Firmicutes_A","c__Clostridia","o__Clostridiales","f__Clostridiaceae","g__Clostridium","s__unclassified","t__unclassified","Vegetable..consumption.frequency...longitudinal.."
"GCGAGCGTTGTCCGGATTTACTGGGTGTAAAGGGTGCGTAGGCGGATAGGCAAGTCAGTGGTGAAATCTATGGGCTTAACCCATAAACTGCCATTGAAACTGTTTATCTTGAGTGGAGTAGAGGCAGGCGGAATTCCCGGTGTAGCGGTGAAATGCGTAGAGATCGGGAGGAACACCAGTGGCGAAGGCGGCCTGCTGGGCTTTAACTGACGCTGAGGCACGAAAGTGTGGGT","Aut","DESEQ_time","d__Bacteria","p__Firmicutes_A","c__Clostridia","o__Oscillospirales","f__Acutalibacteraceae","g__unclassified","s__unclassified","t__unclassified",""
"GCGAGCGTTGTCCGGATTTACTGGGTGTAAAGGGTGCGTAGGCGGCAGAGCAAGTCAGGCGTGAAAGCCATGGGCTTAACCCATGAACTGCGCTTGAAACTGTTTTGCTTGAGTGAAGTAGAGGCAGGCGGAATTCCCGGTGTAGCGGTGAAATGCGTAGAGATCGGGAGGAACACCAGTGGCGAAGGCGGCCTGCTGGGCTTTAACTGACGCTGAGGCACGAAAGCATGGGT","Aut","DESEQ_time","d__Bacteria","p__Firmicutes_A","c__Clostridia","o__Oscillospirales","f__Acutalibacteraceae","g__unclassified","s__unclassified","t__unclassified",""
"GCGAGCGTTGTCCGGATTTACTGGGTGTAAAGGGTGCGTAGGCGGGATGGCAAGTCAGATGTGAAATACCGGGGCTTAACCCCGGGGCTGCATTTGAAACTGTCGTTCTTGAGTGAAGTAGAGGCAGGCGGAATTCCTAGTGTAGCGGTGAAATGCGTAGATATTAGGAGGAACACCAGTGGCGAAGGCGGCCTGCTGGGCTTTAACTGACGCTGAGGCACGAAAGCATGGGG","Aut","ZIG_time","d__Bacteria","p__Firmicutes_A","c__Clostridia","o__unclassified","f__unclassified","g__unclassified","s__unclassified","t__unclassified","Toilet.trained., Multivitamin., GI.symptoms.within..months..M.."
"GCGAGCGTTGTCCGGATTTACTGGGTGTAAAGGGTGCGTAGGCGGGATGGCAAGTCAGATGTGAAATACCGGGGCTTAACTCCGGGGCTGCATTTGAAACTGTCGTTCTTGAGTGAAGTAGAGGCAGGCGGAATTCCTAGTGTAGCGGTGAAATGCGTAGATATTAGGAGGAACACCAGTGGCGAAGGCGGCCTGCTGGGCTTTAACTGACGCTGAGGCACGAAAGCATGGGG","Aut","DESEQ_time","d__Bacteria","p__Firmicutes_A","c__Clostridia","o__unclassified","f__unclassified","g__unclassified","s__unclassified","t__unclassified",""
"GCTAGCGTTATCCGGATTTACTGGGCGTAAAGGGTGCGTAGGCGGTCTTTTAAGTCAGGAGTGAAAGGCTACGGCTCAACCGTAGTAAGCTCTTGAAACTGGAGGACTTGAGTGCAGGAGAGGAGAGTGGAATTCCTAGTGTAGCGGTGAAATGCGTAGATATTAGGAGGAACACCAGTAGCGAAGGCGGCTCTCTGGACTGTAACTGACGCTGAGGCACGAAAGCGTGGGG","Aut","DESEQ_time","d__Bacteria","p__Firmicutes_A","c__Clostridia","o__Peptostreptococcales","f__Peptostreptococcaceae","g__Intestinibacter","s__bartlettii","t__unclassified",""
"GCTAGCGTTATCCGGATTTACTGGGCGTAAAGGGTGCGTAGGTGGTTTCTTAAGTCAGGAGTGAAAGGCTACGGCTCAACCGTAGTAAGCTCTTGAAACTGGGAAACTTGAGTGCAGGAGAGGAAAGTGGAATTCCTAGTGTAGCGGTGAAATGCGTAGATATTAGGAGGAACACCAGTAGCGAAGGCGGCTTTCTGGACTGTAACTGACACTGAGGCACGAAAGCGTGGGG","Aut","DESEQ_time","d__Bacteria","p__Firmicutes_A","c__Clostridia","o__Peptostreptococcales","f__Peptostreptococcaceae","g__unclassified","s__unclassified","t__unclassified","Vegetable..consumption.frequency...longitudinal.."
"t__109214","Aut","ZIG_time","d__Bacteria","p__Firmicutes_A","c__Clostridia","o__Oscillospirales","f__Oscillospiraceae","g__intestinimonas","s__massiliensis","t__109214","Toilet.trained."
"t__123373","Aut","DESEQ_time","d__Bacteria","p__Firmicutes_A","c__Clostridia","o__Oscillospirales","f__Oscillospiraceae","g__firmicutes","s__bacterium","t__123373","Vegetable..consumption.frequency...longitudinal.."
"t__154140","Aut","ZIG_time","d__Bacteria","p__Firmicutes_A","c__Clostridia","o__Lachnospirales","f__Lachnospiraceae","g__clostridium","s__sp","t__154140",""
"t__158681","Aut","ZIG_time","d__Bacteria","p__Firmicutes_A","c__Clostridia","o__Lachnospirales","f__Lachnospiraceae","g__anaerostipes","s__hadrus","t__158681","GI.symptoms.within..months..M.."
"t__160951","Aut","DESEQ_time","d__Bacteria","p__Actinobacteriota","c__Actinobacteria","o__Actinomycetales","f__Actinomycetaceae","g__actinobaculum","s__sp","t__160951",""
"t__180169","Aut","DESEQ_time","d__Bacteria","p__Firmicutes_A","c__Clostridia","o__Oscillospirales","f__Ruminococcaceae","g__neobitarella","s__massiliensis","t__180169","Toilet.trained."
"t__186843","Aut,Aut","DESEQ_time, ZIG_time","d__Bacteria","p__Firmicutes_A","c__Clostridia","o__Christensenellales","f__Christensenellaceae","g__borkfalki","s__ceftriaxensis","t__186843","Dietary.supplement., Meats.and.seafood..consumption.frequency...longitudinal.."
"t__194986","Aut","DESEQ_time","d__Bacteria","p__Firmicutes_A","c__Clostridia","o__Peptostreptococcales","f__Peptostreptococcaceae","g__romboutsia","s__timonensis","t__194986","Vegetable..consumption.frequency...longitudinal.., Vitamin.B.complex.supplement..consumption.frequency.."
"t__209626","Aut","ZIG_time","d__Bacteria","p__Firmicutes_A","c__Clostridia","o__Lachnospirales","f__Lachnospiraceae","g__lachnospiraceae","s__bacterium","t__209626","Dietary.supplement., Multivitamin."
"t__246232","Aut","DESEQ_time","d__Bacteria","p__Firmicutes_A","c__Clostridia","o__Oscillospirales","f__Oscillospiraceae","g__clostridiales","s__bacterium","t__246232","Dietary.restrictions..M.., GI.issues.this.week..M.., Meats.and.seafood..consumption.frequency...longitudinal.."
"t__258134","Aut","DESEQ_time","d__Bacteria","p__Firmicutes_A","c__Clostridia","o__Lachnospirales","f__Lachnospiraceae","g__blautia","s__sp","t__258134",""
"t__258798","Aut","DESEQ_time","d__Bacteria","p__Firmicutes_A","c__Clostridia","o__Oscillospirales","f__Acutalibacteraceae","g__anaeromassilibacillus","s__sp","t__258798","Vegetable..consumption.frequency...longitudinal.."
"t__28462","Control","ANCOM_time","d__Bacteria","p__Firmicutes_C","c__Negativicutes","o__Veillonellales","f__Dialisteraceae","g__dialister","s__invisus","t__28462","Toilet.trained."
"t__42395","Aut","DESEQ_time","d__Bacteria","p__Firmicutes_C","c__Negativicutes","o__Acidaminococcales","f__Acidaminococcaceae","g__phascolarctobacterium","s__succinatutens","t__42395",""
"t__73700","Aut","DESEQ_time","d__Bacteria","p__Firmicutes_A","c__Clostridia","o__Lachnospirales","f__Lachnospiraceae","g__nannocystis","s__pusilla","t__73700",""
"t__80573","Aut","DESEQ_time","d__Bacteria","p__Bacteroidota","c__Bacteroidia","o__Bacteroidales","f__Rikenellaceae","g__alistipes","s__putredinis","t__80573","Toilet.trained."
"t__92557","Aut","ZIG_time","d__Bacteria","p__Firmicutes_A","c__Clostridia","o__Lachnospirales","f__Lachnospiraceae","g__coprococcus","s__catus","t__92557","GI.symptoms.within..months..M.."
"TCAAGCGTTATCCGGATTTATTGGGTTTAAAGGGTGCGTAGGCGGTTTGATAAGTTAGAGGTGAAATCCCGGGGCTTAACTCCGGAACTGCCTCTAATACTGTTAGACTAGAGAGTAGTTGCGGTAGGCGGAATGTATGGTGTAGCGGTGAAATGCTTAGAGATCATACAGAACACCGATTGCGAAGGCAGCTTACCAAACTATATCTGACGTTGAGGCACGAAAGCGTGGGG","Aut","DESEQ_time","d__Bacteria","p__Bacteroidota","c__Bacteroidia","o__Bacteroidales","f__Rikenellaceae","g__Alistipes","s__onderdonkii","t__unclassified","Multivitamin."
