"asv"	"enrichment"	"method"	"Domain"	"Phylum"	"Class"	"Order"	"Family"	"Genus"	"Species"	"Strain"
"ACAAGCGTTGTCCGGAATGACTGGGCGTAAAGGGCGCGTAGGCGGTCTATTAAGTCTGATGTGAAAGGTACCGGCTCAACCGGTGAAGTGCATTGGAAACTGGTAGACTTGAGTATTGGAGAGGCAAGTGGAATTCCTAGTGTAGCGGTGAAATGCGTAGATATTAGGAGGAACACCAGTGGCGAAGGCGGCTTGCTGGACAAATACTGACGCTGAGGTGCGAAAGCGTGGGG"	"Aut, c(\"Aut\", \"Aut\", \"Aut\")"	"DESEQ_time, ZIG_P2, ZIG_P3, ZIG_time"	"d__Bacteria"	"p__Firmicutes_A"	"c__Clostridia"	"o__Eubacteriales"	"f__Eubacteriaceae"	"g__Eubacterium"	"s__unclassified"	"t__unclassified"
"ACAAGCGTTGTCCGGAATTACTGGGTGTAAAGGGAGCGCAGGCGGGAAGACAAGTTGGAAGTGAAATCTATGGGCTCAACCCATAAACTGCTTTCAAAACTGTTTTTCTTGAGTAGTGCAGAGGTAGGCGGAATTCCCGGTGTAGCGGTGGAATGCGTAGATATCGGGAGGAACACCAGTGGCGAAGGCGGCCTACTGGGCACCAACTGACGCTGAGGCTCGAAAGTGTGGGT"	"Aut"	"DESEQ_time"	"d__Bacteria"	"p__Firmicutes_A"	"c__Clostridia"	"o__Oscillospirales"	"f__Ruminococcaceae"	"g__Faecalibacterium"	"s__unclassified"	"t__unclassified"
"ACAAGCGTTGTCCGGAATTACTGGGTGTAAAGGGAGCGCAGGCGGGAAGACAAGTTGGAAGTGAAATCTATGGGCTTAACCCATAAACTGCTTTCAAAACTGTTTTTCTTGAGTAGTGCAGAGGTAGGCGGAATTCCCGGTGTAGCGGTGGAATGCGTAGATATCGGGAGGAACACCAGTGGCGAAGGCGGCCTACTGGGCACCAACTGACGCTGAGGCTCGAAAGTGTGGGT"	"Aut"	"DESEQ_time"	"d__Bacteria"	"p__Firmicutes_A"	"c__Clostridia"	"o__Oscillospirales"	"f__Ruminococcaceae"	"g__Faecalibacterium"	"s__unclassified"	"t__unclassified"
"ACAAGCGTTGTCCGGAATTACTGGGTGTAAAGGGAGCGCAGGCGGGAAGGCAAGTTGGAAGTGAAATCCATGGGCTCAACCCATGAACTGCTTTCAAAACTGTTTTTCTTGAGTAGTGCAGAGGTAGGCGGAATTCCCGGTGTAGCGGTGGAATGCGTAGATATCGGGAGGAACACCAGTGGCGAAGGCGGCCTACTGGGCACCAACTGACGCTGAGGCTCGAAAGTGTGGGT"	"Aut"	"ZIG_P3"	"d__Bacteria"	"p__Firmicutes_A"	"c__Clostridia"	"o__Oscillospirales"	"f__Ruminococcaceae"	"g__Faecalibacterium"	"s__Faecalibacterium__prausnitzii_K"	"t__unclassified"
"ACAAGCGTTGTCCGGAATTACTGGGTGTAAAGGGAGCGCAGGCGGGAGAACAAGTTGGAAGTGAAATCCATGGGCTCAACCCATGAACTGCTTTCAAAACTGTTTTTCTTGAGTAGTGCAGAGGTAGGCGGAATTCCCGGTGTAGCGGTGGAATGCGTAGATATCGGGAGGAACACCAGTGGCGAAGGCGGCCTACTGGGCACCAACTGACGCTGAGGCTCGAAAGTGTGGGT"	"Aut"	"DESEQ_time"	"d__Bacteria"	"p__Firmicutes_A"	"c__Clostridia"	"o__Oscillospirales"	"f__Ruminococcaceae"	"g__Faecalibacterium"	"s__unclassified"	"t__unclassified"
"ACAAGCGTTGTCCGGATTTACTGGGTGTAAAGGGCGCGTAGGCGGACTGTCAAGTCAGTCGTGAAATACCGGGGCTTAACCCCGGGGCTGCGATTGAAACTGACAGCCTTGAGTATCGGAGAGGAAAGCGGAATTCCTAGTGTAGCGGTGAAATGCGTAGATATTAGGAGGAACACCAGTGGCGAAGGCGGCTTTCTGGACGACAACTGACGCTGAGGCGCGAAAGTGTGGGG"	"c(\"Aut\", \"Aut\")"	"DESEQ_P2, DESEQ_time"	"d__Bacteria"	"p__Firmicutes_A"	"c__Clostridia"	"o__unclassified"	"f__unclassified"	"g__unclassified"	"s__unclassified"	"t__unclassified"
"CCGAGCGTTATCCGGATTTATTGGGTTTAAAGGGAGCGTAGATGGATGTTTAAGTCAGTTGTGAAAGTTTGCGGCTCAACCGTAAAATTGCAGTTGATACTGGATGTCTTGAGTGCAGTTGAGGCAGGCGGAATTCGTGGTGTAGCGGTGAAATGCTTAGATATCACGAAGAACTCCGATTGCGAAGGCAGCCTGCTAAGCTGCAACTGACATTGAGGCTCGAAAGTGTGGGT"	"Aut"	"DESEQ_time"	"d__Bacteria"	"p__Bacteroidota"	"c__Bacteroidia"	"o__Bacteroidales"	"f__Bacteroidaceae"	"g__Bacteroides_B"	"s__unclassified"	"t__unclassified"
"CCGAGCGTTATCCGGATTTATTGGGTTTAAAGGGAGCGTAGGCGGATTATTAAGTCAGTTGTGAAAGTTTGCGGCTCAACCGTAAAATTGCAGTTGATACTGGTAGTCTTGAGTGCAGCAGAGGTAGGCGGAATTCGTGGTGTAGCGGTGAAATGCTTAGATATCACGAAGAACTCCGATTGCGAAGGCAGCTTACTGGACTGTAACTGACGCTGATGCTCGAAAGTGTGGGT"	"Aut"	"DESEQ_time"	"d__Bacteria"	"p__Bacteroidota"	"c__Bacteroidia"	"o__Bacteroidales"	"f__Bacteroidaceae"	"g__Bacteroides"	"s__Bacteroides__intestinalis"	"t__unclassified"
"CCGAGCGTTATCCGGATTTATTGGGTTTAAAGGGAGCGTAGGTGGACAGTTAAGTCAGTTGTGAAAGTTTGCGGCTCAACCGTAAAATTGCAGTTGATACTGGCTGTCTTGAGTACAGTAGAGGTGGGCGGAATTCGTGGTGTAGCGGTGAAATGCTTAGATATCACGAAGAACTCCGATTGCGAAGGCAGCTCACTGGACTGCAACTGACACTGATGCTCGAAAGTGTGGGT"	"c(\"Aut\", \"Aut\"), c(\"Aut\", \"Aut\")"	"DESEQ_P1, DESEQ_time, ZIG_P2, ZIG_time"	"d__Bacteria"	"p__Bacteroidota"	"c__Bacteroidia"	"o__Bacteroidales"	"f__Bacteroidaceae"	"g__Bacteroides"	"s__Bacteroides__thetaiotaomicron"	"t__unclassified"
"CCGAGCGTTATCCGGATTTATTGGGTTTAAAGGGAGCGTAGGTGGATTGTTAAGTCAGTTGTGAAAGTTTGCGGCTCAACCGTAAAATTGCAGTTGAAACTGGCAGTCTTGAGTACAGTAGAGGTGGGCGGAATTCGTGGTGTAGCGGTGAAATGCTTAGATATCACGAAGAACTCCGATTGCGAAGGCAGCTCACTAGACTGCAACTGACACTGATGCTCGAAAGTGTGGGT"	"Aut, Aut"	"DESEQ_time, ZIG_time"	"d__Bacteria"	"p__Bacteroidota"	"c__Bacteroidia"	"o__Bacteroidales"	"f__Bacteroidaceae"	"g__Bacteroides"	"s__unclassified"	"t__unclassified"
"CCGAGCGTTATCCGGATTTATTGGGTTTAAAGGGAGCGTAGGTGGATTGTTAAGTCAGTTGTGAAAGTTTGCGGCTCAACCGTAAAATTGCAGTTGAAACTGGCAGTCTTGAGTACAGTAGAGGTGGGCGGAATTCGTGGTGTAGCGGTGAAATGCTTAGATATCACGAAGAACTCCGATTGCGAAGGCAGCTCACTAGACTGTCACTGACACTGATGCTCGAAAGTGTGGGT"	"Aut"	"DESEQ_time"	"d__Bacteria"	"p__Bacteroidota"	"c__Bacteroidia"	"o__Bacteroidales"	"f__Bacteroidaceae"	"g__Bacteroides"	"s__Bacteroides__ovatus"	"t__unclassified"
"CCGAGCGTTATCCGGATTTATTGGGTTTAAAGGGAGCGTAGGTGGATTGTTAAGTCAGTTGTGAAAGTTTGCGGCTCAACCGTAAAATTGCAGTTGAAACTGGCAGTCTTGAGTACAGTAGAGGTGGGCGGAATTCGTGGTGTAGCGGTGAAATGCTTAGATATCACGAAGAACTCCGATTGCGAAGGCAGCTCACTAGACTGTTACTGACACTGATGCTCGAAAGTGTGGGT"	"Aut"	"DESEQ_time"	"d__Bacteria"	"p__Bacteroidota"	"c__Bacteroidia"	"o__Bacteroidales"	"f__Bacteroidaceae"	"g__Bacteroides"	"s__Bacteroides__ovatus"	"t__unclassified"
"CCGAGCGTTATCCGGATTTATTGGGTTTAAAGGGAGCGTAGGTGGATTGTTAAGTCAGTTGTGAAAGTTTGCGGCTCAACCGTAAAATTGCAGTTGAAACTGGGAGTCTTGAGTACAGTAGAGGTGGGCGGAATTCGTGGTGTAGCGGTGAAATGCTTAGATATCACGAAGAACTCCGATTGCGAAGGCAGCTCACTAGACTGTCACTGACACTGATGCTCGAAAGTGTGGGT"	"Aut"	"DESEQ_time"	"d__Bacteria"	"p__Bacteroidota"	"c__Bacteroidia"	"o__Bacteroidales"	"f__Bacteroidaceae"	"g__Bacteroides"	"s__Bacteroides__ovatus"	"t__unclassified"
"CCGAGCGTTATCCGGATTTATTGGGTTTAAAGGGAGCGTAGGTGGATTGTTAAGTCAGTTGTGAAAGTTTGCGGCTCAACCGTAAAATTGCAGTTGAAACTGGTAGTCTTGAGTACAGTAGAGGTGGGCGGAATTCGTGGTGTAGCGGTGAAATGCTTAGATATCACGAAGAACTCCGATTGCGAAGGCAGCTCACTAGACTGTTACTGACACTGATGCTCGAAAGTGTGGGT"	"Aut"	"DESEQ_P2"	"d__Bacteria"	"p__Bacteroidota"	"c__Bacteroidia"	"o__Bacteroidales"	"f__Bacteroidaceae"	"g__Bacteroides"	"s__Bacteroides__ovatus"	"t__unclassified"
"CCGAGCGTTATCCGGATTTATTGGGTTTAAAGGGTGCGTAGGCGGTTTGATAAGTTAGAGGTGAAAGCTCGATGCTCAACATCGAAATTGCCTCTGATACTGTCAGACTAGAGTGTAGTTGCGGAAGGCGGAATGTGTGGTGTAGCGGTGAAATGCTTAGATATCACACAGAACACCGATTGCGAAGGCAGCTTTCCAAGCTATTACTGACGCTGAGGCACGAAAGCGTGGGT"	"Aut, Aut"	"DESEQ_time, ZIG_P3"	"d__Bacteria"	"p__Bacteroidota"	"c__Bacteroidia"	"o__Bacteroidales"	"f__Rikenellaceae"	"g__Alistipes_A"	"s__PROV_t__221653"	"t__unclassified"
"CCGAGCGTTGTCCGGATTTATTGGGCGTAAAGCGAGCGCAGGCGGTTAGATAAGTCTGAAGTTAAAGGCTGTGGCTTAACCATAGTACGCTTTGGAAACTGTTTAACTTGAGTGCAAGAGGGGAGAGTGGAATTCCATGTGTAGCGGTGAAATGCGTAGATATATGGAGGAACACCGGTGGCGAAAGCGGCTCTCTGGCTTGTAACTGACGCTGAGGCTCGAAAGCGTGGGG"	"Aut"	"ZIG_P1"	"d__Bacteria"	"p__Firmicutes"	"c__Bacilli"	"o__Lactobacillales"	"f__Streptococcaceae"	"g__Streptococcus"	"s__unclassified"	"t__unclassified"
"CCGAGCGTTGTCCGGATTTATTGGGCGTAAAGCGAGCGCAGGCGGTTTGATAAGTCTGAAGTTAAAGGCTGTGGCTCAACCATAGTTCGCTTTGGAAACTGTCAAACTTGAGTGCAGAAGGGGAGAGTGGAATTCCATGTGTAGCGGTGAAATGCGTAGATATATGGAGGAACACCGGTGGCGAAAGCGGCTCTCTGGTCTGTAACTGACGCTGAGGCTCGAAAGCGTGGGG"	"c(\"Control\", \"Control\"), Control"	"ZIG_P3, ZIG_time, ANCOM_time"	"d__Bacteria"	"p__Firmicutes"	"c__Bacilli"	"o__Lactobacillales"	"f__Streptococcaceae"	"g__Streptococcus"	"s__unclassified"	"t__unclassified"
"CCGAGCGTTGTCCGGATTTATTGGGCGTAAAGCGAGCGCAGGTGGTTTATTAAGTCTGGTGTAAAAGGCAGTGGCTCAACCATTGTATGCATTGGAAACTGGTAGACTTGAGTGCAGGAGAGGAGAGTGGAATTCCATGTGTAGCGGTGAAATGCGTAGATATATGGAGGAACACCGGTGGCGAAAGCGGCTCTCTGGCCTGTAACTGACACTGAGGCTCGAAAGCGTGGGG"	"Control, Control"	"ZIG_time, ANCOM_time"	"d__Bacteria"	"p__Firmicutes"	"c__Bacilli"	"o__Lactobacillales"	"f__Streptococcaceae"	"g__Lactococcus"	"s__unclassified"	"t__unclassified"
"CCGAGCGTTGTCCGGATTTATTGGGCGTAAAGGGAGCGCAGGCGGTCAGGAAAGTCTGGAGTAAAAGGCTATGGCTCAACCATAGTGTGCTCTGGAAACTGTCTGACTTGAGTGCAGAAGGGGAGAGTGGAATTCCATGTGTAGCGGTGAAATGCGTAGATATATGGAGGAACACCAGTGGCGAAAGCGGCTCTCTGGTCTGTCACTGACGCTGAGGCTCGAAAGCGTGGGT"	"Aut"	"DESEQ_time"	"d__Bacteria"	"p__Firmicutes"	"c__Bacilli"	"o__Lactobacillales"	"f__Streptococcaceae"	"g__Streptococcus"	"s__Streptococcus__mutans"	"t__unclassified"
"CCGGGCGTTATCCGGATTTATTGGGTTTAAAGGGAGCGTAGGCCGGAGATTAAGCGTGTTGTGAAATGTAGACGCTCAACGTCTGCACTGCAGCGCGAACTGGTTTCCTTGAGTACGCACAAAGTGGGCGGAATTCGTGGTGTAGCGGTGAAATGCTTAGATATCACGAAGAACTCCGATTGCGAAGGCAGCTCACTGGAGCGCAACTGACGCTGAAGCTCGAAAGTGCGGGT"	"Control"	"ZIG_P1"	"d__Bacteria"	"p__Bacteroidota"	"c__Bacteroidia"	"o__Bacteroidales"	"f__Bacteroidaceae"	"g__Prevotella"	"s__Prevotella__copri"	"t__unclassified"
"CCGGGCGTTATCCGGATTTATTGGGTTTAAAGGGAGCGTAGGCCGGAGATTAAGCGTGTTGTGAAATGTAGATGCTCAACATCTGCACTGCAGCGCGAACTGGTTTCCTTGAGTACGCACAAAGTGGGCGGAATTCGTGGTGTAGCGGTGAAATGCTTAGATATCACGAAGAACTCCGATTGCGAAGGCAGCTCACTGGAGCGCAACTGACGCTGAAGCTCGAAAGTGCGGGT"	"Control"	"DESEQ_P2"	"d__Bacteria"	"p__unclassified"	"c__unclassified"	"o__unclassified"	"f__unclassified"	"g__unclassified"	"s__unclassified"	"t__unclassified"
"GCAAGCGTTAATCGGAATTACTGGGCGTAAAGCGCACGCAGGCGGTTTGTTAAGTCAGATGTGAAATCCCCGGGCTCAACCTGGGAACTGCATCTGATACTGGCAAGCTTGAGTCTCGTAGAGGGGGGTAGAATTCCAGGTGTAGCGGTGAAATGCGTAGAGATCTGGAGGAATACCGGTGGCGAAGGCGGCCCCCTGGACGAAGACTGACGCTCAGGTGCGAAAGCGTGGGG"	"Aut, Aut"	"DESEQ_time, ZIG_P2"	"d__Bacteria"	"p__Proteobacteria"	"c__Gammaproteobacteria"	"o__Enterobacterales"	"f__Enterobacteriaceae"	"g__Escherichia"	"s__unclassified"	"t__unclassified"
"GCAAGCGTTATCCGGAATCATTGGGCGTAAAGGGTGCGTAGGTGGCGTACTAAGTCTGTAGTAAAAGGCAATGGCTCAACCATTGTAAGCTATGGAAACTGGTATGCTGGAGTGCAGAAGAGGGCGATGGAATTCCATGTGTAGCGGTAAAATGCGTAGATATATGGAGGAACACCAGTGGCGAAGGCGGTCGCCTGGTCTGTAACTGACACTGAGGCACGAAAGCGTGGGG"	"Aut"	"DESEQ_P1"	"d__Bacteria"	"p__Firmicutes"	"c__Bacilli"	"o__Erysipelotrichales"	"f__Erysipelotrichaceae"	"g__Absiella"	"s__Absiella__innocuum"	"t__unclassified"
"GCAAGCGTTATCCGGAATGACTGGGCGTAAAGGGTGCGTAGGTGGTTTGTCAAGTTGGCAGCGTAATTCCGTGGCTCAACCGCGGAACTACTGCCAAAACTGATAGGCTTGAGTGCGGCAGGGGTATGTGGAATTCCTAGTGTAGCGGTGGAATGCGTAGATATTAGGAGGAACACCGGTGGCGAAAGCGACATACTGGGCCGTAACTGACACTGAAGCACGAAAGCGTGGGG"	"Aut"	"ZIG_P3"	"d__Bacteria"	"p__Firmicutes_A"	"c__unclassified"	"o__unclassified"	"f__unclassified"	"g__unclassified"	"s__unclassified"	"t__unclassified"
"GCAAGCGTTATCCGGAATGACTGGGCGTAAAGGGTGCGTAGGTGGTTTGTCAAGTTGGCAGCGTAATTCCGTGGCTTAACCGCGGAACTACTGCCAAAACTGATAGGCTTGAGTGCGGCAGGGGTATGTGGAATTCCTAGTGTAGCGGTGGAATGCGTAGATATTAGGAGGAACACCGGTGGCGAAAGCGACATACTGGGCCGTAACTGACACTGAAGCACGAAAGCGTGGGG"	"Aut"	"ZIG_P1"	"d__Bacteria"	"p__Firmicutes_A"	"c__Clostridia"	"o__unclassified"	"f__unclassified"	"g__unclassified"	"s__unclassified"	"t__unclassified"
"GCAAGCGTTATCCGGAATTACTGGGTGTAAAGGGAGAGTAGGCGGCATGGTAAGTTAGATGTGAAAGCCTCGGGCTTAACCTGAGGATTGCATTTAAAACTATCAAGCTAGAGTACAGGAGAGGAAAGCGGAATTCCTAGTGTAGCGGTGAAATGCGTAGATATTAGGAAGAACACCAGTGGCGAAGGCGGCTTTCTGGACTGAAACTGACGCTGAGGCTCGAAAGCGTGGGG"	"Aut"	"ZIG_P3"	"d__Bacteria"	"p__Firmicutes_A"	"c__Clostridia"	"o__Lachnospirales"	"f__Anaerotignaceae"	"g__Anaerotignum"	"s__unclassified"	"t__unclassified"
"GCAAGCGTTATCCGGAATTACTGGGTGTAAAGGGAGCGTAGGCGGCATGGTAAGCCAGATGTGAAAGCCTTGGGCTTAACCCGAGGATTGCATTTGGAACTATCAAGCTAGAGTACAGGAGAGGAAAGCGGAATTCCTAGTGTAGCGGTGAAATGCGTAGATATTAGGAAGAACACCAGTGGCGAAGGCGGCTTTCTGGACTGAAACTGACGCTGAGGCTCGAAAGCGTGGGG"	"Aut"	"DESEQ_time"	"d__Bacteria"	"p__Firmicutes_A"	"c__Clostridia"	"o__Lachnospirales"	"f__Anaerotignaceae"	"g__Anaerotignum"	"s__Anaerotignum__lactatifermentans"	"t__unclassified"
"GCAAGCGTTATCCGGAATTACTGGGTGTAAAGGGTGAGTAGGCGGCATGGCAAGTAAGATGTGAAAGCCCGAGGCTTAACCTCGGGATTGCATTTTAAACTGCTAAGCTAGAGTACAGGAGAGGAAAGCGGAATTCCTAGTGTAGCGGTGAAATGCGTAGATATTAGGAAGAACACCAGTGGCGAAGGCGGCTTTCTGGACTGGAAACTGACGCTGAGGCACGAAAGCGTGGGG"	"Aut"	"ZIG_P3"	"d__Bacteria"	"p__Firmicutes_A"	"c__Clostridia"	"o__Lachnospirales"	"f__Anaerotignaceae"	"g__Anaerotignum"	"s__unclassified"	"t__unclassified"
"GCAAGCGTTATCCGGAATTACTGGGTGTAAAGGGTGCGTAGGTGGCATGGTAAGTCAGAAGTGAAAGCCCGGGGCTTAACCCCGGGACTGCTTTTGAAACTGTCATGCTGGAGTGCAGGAGAGGTAAGCGGAATTCCTAGTGTAGCGGTGAAATGCGTAGATATTAGGAGGAACACCAGTGGCGAAGGCGGCTTACTGGACTGTCACTGACACTGATGCACGAAAGCGTGGGG"	"c(\"Aut\", \"Aut\")"	"DESEQ_P2, DESEQ_time"	"d__Bacteria"	"p__Firmicutes_A"	"c__Clostridia"	"o__Lachnospirales"	"f__Lachnospiraceae"	"g__Anaerostipes"	"s__unclassified"	"t__unclassified"
"GCAAGCGTTATCCGGAATTACTGGGTGTAAAGGGTGCGTAGGTGGTATGGCAAGTCAGAAGTGAAAACCCAGGGCTTAACTCTGGGACTGCTTTTGAAACTGTCAGACTAGAGTGCAGGAGAGGTAAGCGGAATTCCTAGTGTAGCGGTGAAATGCGTAGATATTAGGAGGAACATCAGTGGCGAAGGCGGCTTACTGGACTGAAACTGACACTGAGGCACGAAAGCGTGGGG"	"Aut, Aut"	"DESEQ_time, ZIG_P2"	"d__Bacteria"	"p__Firmicutes_A"	"c__Clostridia"	"o__Lachnospirales"	"f__Lachnospiraceae"	"g__Anaerostipes"	"s__Anaerostipes__hadrus"	"t__unclassified"
"GCAAGCGTTATCCGGAATTACTGGGTGTAAAGGGTGCGTAGGTGGTATGGCAAGTCAGAAGTGAAAACCCAGGGCTTAACTCTGGGACTGCTTTTGAAACTGTCAGACTGGAGTGCAGGAGAGGTAAGCGGAATTCCTAGTGTAGCGGTGAAATGCGTAGATATTAGGAGGAACATCAGTGGCGAAGGCGGCTTACTGGACTGAAACTGACACTGAGGCACGAAAGCGTGGGG"	"Aut"	"DESEQ_time"	"d__Bacteria"	"p__Firmicutes_A"	"c__Clostridia"	"o__Lachnospirales"	"f__Lachnospiraceae"	"g__Anaerostipes"	"s__Anaerostipes__hadrus"	"t__unclassified"
"GCAAGCGTTATCCGGAATTATTGGGCGTAAAGAGGGAGCAGGCGGCAGCAAGGGTCTGTGGTGAAAGCCTGAAGCTTAACTTCAGTAAGCCATAGAAACCAGGCAGCTAGAGTGCAGGAGAGGATCGTGGAATTCCATGTGTAGCGGTGAAATGCGTAGATATATGGAGGAACACCAGTGGCGAAGGCGACGATCTGGCCTGCAACTGACGCTCAGTCCCGAAAGCGTGGGG"	"Aut"	"DESEQ_P2"	"d__Bacteria"	"p__Firmicutes"	"c__Bacilli"	"o__Erysipelotrichales"	"f__Erysipelatoclostridiaceae"	"g__Erysipelatoclostridium"	"s__Erysipelatoclostridium__ramosum"	"t__unclassified"
"GCAAGCGTTATCCGGAATTATTGGGCGTAAAGGGTGCGTAGGCGGCGAGATAAGTCTGAGGTAAAAGCCCGTGGCTCAACCACGGTAAGCCTTGGAAACTGTCTGGCTGGAGTGCAGGAGAGGACAATGGAATTCCATGTGTAGCGGTAAAATGCGTAGATATATGGAGGAACACCAGTGGCGAAGGCGGTTGTCTGGCCTGTAACTGACGCTGAAGCACGAAAGCGTGGGG"	"Aut, Aut"	"DESEQ_P1, ZIG_time"	"d__Bacteria"	"p__Firmicutes"	"c__Bacilli"	"o__Erysipelotrichales"	"f__Erysipelotrichaceae"	"g__Dielma"	"s__Dielma__fastidiosa"	"t__unclassified"
"GCAAGCGTTATCCGGATTTACTGGGTGTAAAGGGAGCGCAGGCGGGACTGCAAGTTGGATGTGAAATACCGTGGCTTAACCACGGAACTGCATCCAAAACTGTAGTTCTTGAGTGAAGTAGAGGCAAGCGGAATTCCGAGTGTAGCGGTGAAATGCGTAGATATTCGGAGGAACACCAGTGGCGAAGGCGGCTTGCTGGGCTTTAACTGACGCTGAGGCTCGAAAGTGTGGGG"	"c(\"Aut\", \"Aut\"), c(\"Aut\", \"Aut\"), c(\"Aut\", \"Aut\", \"Control\")"	"DESEQ_P1, DESEQ_time, ZIG_P3, ZIG_time, ANCOM_P1, ANCOM_P2, ANCOM_time"	"d__Bacteria"	"p__Firmicutes_A"	"c__Clostridia"	"o__Oscillospirales"	"f__unclassified"	"g__unclassified"	"s__unclassified"	"t__unclassified"
"GCAAGCGTTATCCGGATTTACTGGGTGTAAAGGGAGCGCAGGTGGTATGGCAAGTCAGAAGTGAAAACCCGAGGCTCAACCACGGGATTGCTTTTGAAACTGTTAAACTAGAGTGCAGGAGGGGCAGGCGGAATTCCTGGTGTAGCGGTGAAATGCGTAGATATCAGGAGGAACACCGGTGGCGAAGGCGGCCTGCTGGACTGTAACTGACACTGAGGCTCGAAAGCGTGGGG"	"Aut"	"DESEQ_time"	"d__Bacteria"	"p__Firmicutes_A"	"c__Clostridia"	"o__Lachnospirales"	"f__Lachnospiraceae"	"g__unclassified"	"s__unclassified"	"t__unclassified"
"GCAAGCGTTATCCGGATTTACTGGGTGTAAAGGGAGCGTAGACGGAAGAGCAAGTCTGATGTGAAAGGCTGGGGCTTAACCCCAGGACTGCATTGGAAACTGTTTTTCTAGAGTGCCGGAGAGGTAAGCGGAATTCCTAGTGTAGCGGTGAAATGCGTAGATATTAGGAGGAACACCAGTGGCGAAGGCGGCTTACTGGACGGTAACTGACGTTGAGGCTCGAAAGCGTGGGG"	"Aut, c(\"Aut\", \"Aut\")"	"DESEQ_time, ZIG_P2, ZIG_time"	"d__Bacteria"	"p__Firmicutes_A"	"c__Clostridia"	"o__Lachnospirales"	"f__Lachnospiraceae"	"g__Blautia"	"s__unclassified"	"t__unclassified"
"GCAAGCGTTATCCGGATTTACTGGGTGTAAAGGGAGCGTAGACGGACTGGCAAGTCTGATGTGAAAACCCGGGGCTCAACCCCGGGACTGCATTGGAAACTGTCAGTCTAGAGTGTCGGAGGGGTAAGTGGAATTCCTAGTGTAGCGGTGAAATGCGTAGATATTAGGAGGAACACCAGTGGCGAAGGCGGCTTACTGGACGATAACTGACGTTGAGGCTCGAAAGCGTGGGG"	"Aut"	"DESEQ_time"	"d__Bacteria"	"p__Firmicutes_A"	"c__Clostridia"	"o__Lachnospirales"	"f__unclassified"	"g__unclassified"	"s__unclassified"	"t__unclassified"
"GCAAGCGTTATCCGGATTTACTGGGTGTAAAGGGAGCGTAGACGGACTGGCAAGTCTGATGTGAAAGGCGGGGGCTCAACCCCTGGACTGCATTGGAAACTGTTAGTCTTGAGTGCCGGAGAGGTAAGCGGAATTCCTAGTGTAGCGGTGAAATGCGTAGATATTAGGAGGAACACCAGTGGCGAAGGCGGCTTACTGGACGGTAACTGACGTTGAGGCTCGAAAGCGTGGGG"	"Aut, Aut"	"DESEQ_time, ZIG_time"	"d__Bacteria"	"p__Firmicutes_A"	"c__Clostridia"	"o__Lachnospirales"	"f__Lachnospiraceae"	"g__Blautia_A"	"s__unclassified"	"t__unclassified"
"GCAAGCGTTATCCGGATTTACTGGGTGTAAAGGGAGCGTAGACGGATGGGCAAGTCTGATGTGAAAACCCGGGGCTCAACCCCGGGACTGCATTGGAAACTGTTCATCTAGAGTGCTGGAGAGGTAAGTGGAATTCCTAGTGTAGCGGTGAAATGCGTAGATATTAGGAGGAACACCAGTGGCGAAGGCGGCTTACTGGACAGTAACTGACGTTGAGGCTCGAAAGCGTGGGG"	"Aut"	"DESEQ_time"	"d__Bacteria"	"p__Firmicutes_A"	"c__Clostridia"	"o__Lachnospirales"	"f__Lachnospiraceae"	"g__Faecalicatena"	"s__Faecalicatena__torques"	"t__unclassified"
"GCAAGCGTTATCCGGATTTACTGGGTGTAAAGGGAGCGTAGACGGCAAGGCAAGTCTGAAGTGAAAGCCCGGTGCTTAACGCCGGGACTGCTTTGGAAACTGTTTGGCTGGAGTGCCGGAGAGGTAAGCGGAATTCCTAGTGTAGCGGTGAAATGCGTAGATATTAGGAAGAACACCAGTGGCGAAGGCGGCTTACTGGACGGTAACTGACGTTGAGGCTCGAAAGCGTGGGG"	"Aut"	"DESEQ_time"	"d__Bacteria"	"p__Firmicutes_A"	"c__Clostridia"	"o__Lachnospirales"	"f__Lachnospiraceae"	"g__unclassified"	"s__unclassified"	"t__unclassified"
"GCAAGCGTTATCCGGATTTACTGGGTGTAAAGGGAGCGTAGACGGCAAGGCAAGTCTGATGTGAAAACCCAGGGCTTAACCCTGGGACTGCATTGGAAACTGTCTGGCTCGAGTGCCGGAGAGGTAAGCGGAATTCCTAGTGTAGCGGTGAAATGCGTAGATATTAGGAAGAACACCAGTGGCGAAGGCGGCTTACTGGACGGTAACTGACGTTGAGGCTCGAAAGCGTGGGG"	"Aut"	"DESEQ_time"	"d__Bacteria"	"p__Firmicutes_A"	"c__Clostridia"	"o__Lachnospirales"	"f__Lachnospiraceae"	"g__Fusicatenibacter"	"s__Fusicatenibacter__saccharivorans"	"t__unclassified"
"GCAAGCGTTATCCGGATTTACTGGGTGTAAAGGGAGCGTAGACGGCATGACAAGCCAGATGTGAAAACCCAGGGCTCAACCCTGGGACTGCATTTGGAACTGCCAGGCTGGAGTGCAGGAGAGGTAAGCGGAATTCCTAGTGTAGCGGTGAAATGCGTAGATATTAGGAGGAACACCAGTGGCGAAGGCGGCTTACTGGACTGTAACTGACGTTGAGGCTCGAAAGCGTGGGG"	"Aut"	"DESEQ_time"	"d__Bacteria"	"p__Firmicutes_A"	"c__Clostridia"	"o__Lachnospirales"	"f__Lachnospiraceae"	"g__Eisenbergiella"	"s__Eisenbergiella__massiliensis"	"t__unclassified"
"GCAAGCGTTATCCGGATTTACTGGGTGTAAAGGGAGCGTAGACGGCATGGCAAGCCAGATGTGAAAACCCAGGGCTCAACCTTGGGATTGCATTTGGAACTGCCAGGCTGGAGTGCAGGAGAGGTAAGCGGAATTCCTAGTGTAGCGGTGAAATGCGTAGATATTAGGAGGAACACCAGTGGCGAAGGCGGCTTACTGGACTGTAACTGACGTTGAGGCTCGAAAGCGTGGGG"	"c(\"Aut\", \"Aut\"), c(\"Aut\", \"Aut\")"	"DESEQ_P1, DESEQ_time, ZIG_P3, ZIG_time"	"d__Bacteria"	"p__Firmicutes_A"	"c__Clostridia"	"o__Lachnospirales"	"f__Lachnospiraceae"	"g__Eisenbergiella"	"s__Eisenbergiella__tayi"	"t__unclassified"
"GCAAGCGTTATCCGGATTTACTGGGTGTAAAGGGAGCGTAGACGGCATGGCAAGCCAGATGTGAAAGCCCGGGGCTCAACCCCGGGACTGCATTTGGAACTGTCAGGCTAGAGTGTCGGAGAGGAAAGCGGAATTCCTAGTGTAGCGGTGAAATGCGTAGATATTAGGAGGAACACCAGTGGCGAAGGCGGCTTTCTGGACGGTGACTGACGTTGAGGCTCGAAAGCGTGGGG"	"Control"	"ZIG_time"	"d__Bacteria"	"p__Firmicutes_A"	"c__Clostridia"	"o__Lachnospirales"	"f__Lachnospiraceae"	"g__Faecalicatena"	"s__Faecalicatena__gnavus"	"t__unclassified"
"GCAAGCGTTATCCGGATTTACTGGGTGTAAAGGGAGCGTAGACGGCATGGCAAGTCTGAAGTGAAAACCCAGGGCTCAACCCTGGGACTGCTTTGGAAACTGTCAAGCTAGAGTGCAGGAGAGGTAAGTGGAATTCCTAGTGTAGCGGTGAAATGCGTAGATATTAGGAGGAACACCAGTGGCGAAGGCGGCTTACTGGACTGTAACTGACGTTGAGGCTCGAAAGCGTGGGG"	"c(\"Aut\", \"Aut\"), Control"	"DESEQ_P2, DESEQ_time, ZIG_P1"	"d__Bacteria"	"p__Firmicutes_A"	"c__Clostridia"	"o__Lachnospirales"	"f__Lachnospiraceae"	"g__Clostridium_M"	"s__Clostridium_M__asparagiforme"	"t__unclassified"
"GCAAGCGTTATCCGGATTTACTGGGTGTAAAGGGAGCGTAGACGGCATGGCAAGTCTGAAGTGAAAGCCCGGGGCTCAACCCCGGGACTGCTTTGGAAACTGTCAGGCTAGAGTGCTGGAGAGGTAAGTGGAATTCCTAGTGTAGCGGTGAAATGCGTAGATATTAGGAGGAACACCAGTGGCGAAGGCGGCTTACTGGACAGTGACTGACGTTGAGGCTCGAAAGCGTGGGG"	"Aut"	"DESEQ_time"	"d__Bacteria"	"p__Firmicutes_A"	"c__Clostridia"	"o__Lachnospirales"	"f__Lachnospiraceae"	"g__unclassified"	"s__unclassified"	"t__unclassified"
"GCAAGCGTTATCCGGATTTACTGGGTGTAAAGGGAGCGTAGACGGCGAAGCAAGTCTGAAGTGAAAACCCAGGGCTCAACCCTGGGACTGCTTTGGAAACTGTTTTGCTAGAGTGTCGGAGAGGTAAGTGGAATTCCTAGTGTAGCGGTGAAATGCGTAGATATTAGGAGGAACACCAGTGGCGAAGGCGGCTTACTGGACGATAACTGACGTTGAGGCTCGAAAGCGTGGGG"	"Aut, Aut"	"DESEQ_time, ZIG_P2"	"d__Bacteria"	"p__Firmicutes_A"	"c__Clostridia"	"o__Lachnospirales"	"f__Lachnospiraceae"	"g__Clostridium_M"	"s__unclassified"	"t__unclassified"
"GCAAGCGTTATCCGGATTTACTGGGTGTAAAGGGAGCGTAGACGGCGACGCAAGTCTGAAGTGAAATACCCGGGCTCAACCTGGGAACTGCTTTGGAAACTGTGTTGCTAGAGTGCTGGAGAGGTAAGCGGAATTCCTAGTGTAGCGGTGAAATGCGTAGATATTAGGAAGAACACCAGTGGCGAAGGCGGCTTACTGGACAGTAACTGACGTTGAGGCTCGAAAGCGTGGGG"	"c(\"Aut\", \"Aut\")"	"DESEQ_P1, DESEQ_time"	"d__Bacteria"	"p__Firmicutes_A"	"c__Clostridia"	"o__Lachnospirales"	"f__Lachnospiraceae"	"g__unclassified"	"s__unclassified"	"t__unclassified"
"GCAAGCGTTATCCGGATTTACTGGGTGTAAAGGGAGCGTAGACGGCGATGCAAGCCAGATGTGAAAGCCCGGGGCTCAACCCCGGGACTGCATTTGGAACTGCGTGGCTGGAGTGTCGGAGAGGCAGGCGGAATTCCTAGTGTAGCGGTGAAATGCGTAGATATTAGGAGGAACACCAGTGGCGAAGGCGGCCTGCTGGACGATGACTGACGTTGAGGCTCGAAAGCGTGGGG"	"Aut"	"DESEQ_time"	"d__Bacteria"	"p__Firmicutes_A"	"c__Clostridia"	"o__Lachnospirales"	"f__Lachnospiraceae"	"g__Dorea"	"s__Dorea__scindens"	"t__unclassified"
"GCAAGCGTTATCCGGATTTACTGGGTGTAAAGGGAGCGTAGACGGCTGTGCAAGTCTGAAGTGAAAGGCATGGGCTCAACCTGTGGACTGCTTTGGAAACTGTGCAGCTAGAGTGTCGGAGAGGTAAGTGGAATTCCTAGTGTAGCGGTGAAATGCGTAGATATTAGGAGGAACACCAGTGGCGAAGGCGGCTTACTGGACGATGACTGACGTTGAGGCTCGAAAGCGTGGGG"	"Aut"	"DESEQ_time"	"d__Bacteria"	"p__Firmicutes_A"	"c__Clostridia"	"o__Lachnospirales"	"f__Lachnospiraceae"	"g__Dorea"	"s__Dorea__formicigenerans"	"t__unclassified"
"GCAAGCGTTATCCGGATTTACTGGGTGTAAAGGGAGCGTAGACGGTAAAGCAAGTCTGAAGTGAAAGCCCGCGGCTCAACTGCGGGACTGCTTTGGAAACTGTTTAACTGGAGTGTCGGAGAGGTAAGTGGAATTCCTAGTGTAGCGGTGAAATGCGTAGATATTAGGAGGAACACCAGTGGCGAAGGCGACTTACTGGACGATAACTGACGTTGAGGCTCGAAAGCGTGGGG"	"c(\"Aut\", \"Aut\", \"Aut\")"	"DESEQ_P1, DESEQ_P2, DESEQ_time"	"d__Bacteria"	"p__Firmicutes_A"	"c__Clostridia"	"o__Lachnospirales"	"f__Lachnospiraceae"	"g__Clostridium_Q"	"s__Clostridium_Q__symbiosum"	"t__unclassified"
"GCAAGCGTTATCCGGATTTACTGGGTGTAAAGGGAGCGTAGACGGTGTGGCAAGTCTGATGTGAAAGGCATGGGCTCAACCTGTGGACTGCATTGGAAACTGTCATACTTGAGTGCCGGAGGGGTAAGCGGAATTCCTAGTGTAGCGGTGAAATGCGTAGATATTAGGAGGAACACCAGTGGCGAAGGCGGCTTACTGGACGGTAACTGACGTTGAGGCTCGAAAGCGTGGGG"	"c(\"Control\", \"Control\"), Control"	"ZIG_P1, ZIG_time, ANCOM_time"	"d__Bacteria"	"p__Firmicutes_A"	"c__Clostridia"	"o__Lachnospirales"	"f__Lachnospiraceae"	"g__Blautia_A"	"s__Blautia_A__wexlerae"	"t__unclassified"
"GCAAGCGTTATCCGGATTTACTGGGTGTAAAGGGAGCGTAGACGGTTAAGCAAGTCTGAAGTGAAAGCCCGGGGCTCAACCCCGGTACTGCTTTGGAAACTGTTTGACTTGAGTGCAGGAGAGGTAAGTGGAATTCCTAGTGTAGCGGTGAAATGCGTAGATATTAGGAGGAACACCAGTGGCGAAGGCGGCTTACTGGACTGTAACTGACGTTGAGGCTCGAAAGCGTGGGG"	"Aut"	"DESEQ_time"	"d__Bacteria"	"p__Firmicutes_A"	"c__Clostridia"	"o__Lachnospirales"	"f__Lachnospiraceae"	"g__Hungatella"	"s__Hungatella__effluvii"	"t__unclassified"
"GCAAGCGTTATCCGGATTTACTGGGTGTAAAGGGAGCGTAGACGGTTATGTAAGTCTGATGTGAAAACCCGGGGCTCAACCCCGGGACTGCATTGGAAACTATGTAACTAGAGTGTCGGAGAGGTAAGTGGAATTCCTAGTGTAGCGGTGAAATGCGTAGATATTAGGAGGAACACCAGTGGCGAAGGCGGCTTACTGGACGATGACTGACGTTGAGGCTCGAAAGCGTGGGG"	"c(\"Aut\", \"Aut\")"	"DESEQ_P1, DESEQ_time"	"d__Bacteria"	"p__Firmicutes_A"	"c__Clostridia"	"o__Lachnospirales"	"f__Lachnospiraceae"	"g__Faecalicatena"	"s__unclassified"	"t__unclassified"
"GCAAGCGTTATCCGGATTTACTGGGTGTAAAGGGAGCGTAGACGGTTGTGTAAGTCTGATGTGAAAGCCCGGGGCTCAACCCCGGGACTGCATTGGAAACTATGTAACTAGAGTGTCGGAGAGGTAAGCGGAATTCCTAGTGTAGCGGTGAAATGCGTAGATATTAGGAGGAACACCAGTGGCGAAGGCGGCTTACTGGACGATCACTGACGTTGAGGCTCGAAAGCGTGGGG"	"Aut"	"DESEQ_time"	"d__Bacteria"	"p__Firmicutes_A"	"c__Clostridia"	"o__Lachnospirales"	"f__Lachnospiraceae"	"g__Tyzzerella"	"s__Tyzzerella__nexilis"	"t__unclassified"
"GCAAGCGTTATCCGGATTTACTGGGTGTAAAGGGAGCGTAGACGGTTTAGCAAGTCTGAAGTGAAAGCCCGGGGCTCAACCCCGGTACTGCTTTGGAAACTGTTAGACTTGAGTGCAGGAGAGGTAAGTGGAATTCCTAGTGTAGCGGTGAAATGCGTAGATATTAGGAGGAACACCAGTGGCGAAGGCGGCTTACTGGACTGTAACTGACGTTGAGGCTCGAAAGCGTGGGG"	"c(\"Aut\", \"Aut\")"	"DESEQ_P1, DESEQ_time"	"d__Bacteria"	"p__Firmicutes_A"	"c__Clostridia"	"o__Lachnospirales"	"f__Lachnospiraceae"	"g__unclassified"	"s__unclassified"	"t__unclassified"
"GCAAGCGTTATCCGGATTTACTGGGTGTAAAGGGAGCGTAGGCGGTCTGACAAGTCAGAAGTGAAAGCCCGGGGCTCAACTCCGGGACTGCTTTTGAAACTGCCGGACTAGATTGCAGGAGAGGTAAGTGGAATTCCTAGTGTAGCGGTGAAATGCGTAGATATTAGGAGGAACACCAGTGGCGAAGGCGGCTTACTGGACTGTAAATGACGCTGAGGCTCGAAAGCGTGGGG"	"Aut"	"ZIG_P1"	"d__Bacteria"	"p__Firmicutes_A"	"c__Clostridia"	"o__Lachnospirales"	"f__Lachnospiraceae"	"g__PROV_t__182732"	"s__unclassified"	"t__unclassified"
"GCAAGCGTTATCCGGATTTACTGGGTGTAAAGGGAGTGTAGGTGGCCATGCAAGTCAGAAGTGAAAATCCGGGGCTCAACCCCGGAACTGCTTTTGAAACTGTAAGGCTAGAGTGCAGGAGGGGTGAGTGGAATTCCTAGTGTAGCGGTGAAATGCGTAGATATTAGGAGGAACACCAGTGGCGAAGGCGGCTCACTGGACTGTAACTGACACTGAGGCTCGAAAGCGTGGGG"	"Aut"	"DESEQ_time"	"d__Bacteria"	"p__Firmicutes_A"	"c__Clostridia"	"o__Lachnospirales"	"f__Lachnospiraceae"	"g__Lachnospira"	"s__unclassified"	"t__unclassified"
"GCAAGCGTTATCCGGATTTACTGGGTGTAAAGGGAGTGTAGGTGGTATCACAAGTCAGAAGTGAAAGCCCGGGGCTCAACCCCGGGACTGCTTTTGAAACTGTGGAACTGGAGTGCAGGAGAGGTAAGTGGAATTCCTAGTGTAGCGGTGAAATGCGTAGATATTAGGAGGAACACCAGTGGCGAAGGCGGCTTACTGGACTGTAACTGACACTGAGGCTCGAAAGCGTGGGG"	"c(\"Aut\", \"Aut\")"	"ZIG_P3, ZIG_time"	"d__Bacteria"	"p__Firmicutes_A"	"c__Clostridia"	"o__Lachnospirales"	"f__Lachnospiraceae"	"g__unclassified"	"s__unclassified"	"t__unclassified"
"GCAAGCGTTATCCGGATTTACTGGGTGTAAAGGGCGCGCAGGCGGGCCGGCAAGTTGGGAGTGAAATCCCGGGGCTTAACCCCGGAACTGCTTTCAAAACTGCTGGTCTTGAGTGATGGAGAGGCAGGCGGAATTCCGTGTGTAGCGGTGAAATGCGTAGATATACGGAGGAACACCAGTGGCGAAGGCGGCCTGCTGGACATTAACTGACGCTGAGGCGCGAAAGCGTGGGG"	"c(\"Aut\", \"Aut\")"	"DESEQ_P1, DESEQ_time"	"d__Bacteria"	"p__Firmicutes_A"	"c__Clostridia"	"o__Oscillospirales"	"f__Butyricicoccaceae"	"g__Agathobaculum"	"s__unclassified"	"t__unclassified"
"GCAAGCGTTATCCGGATTTACTGGGTGTAAAGGGCGTGTAGGCGGGACTGCAAGTCAGATGTGAAAACTATGAGCTCAACTCATAGCCTGCATTTGAAACTGTAGTTCTTGAGTGCTGGAGAGGCAATCGGAATTCCGTGTGTAGCGGTGAAATGCGTAGATATACGGAGGAACACCAGTGGCGAAGGCGGATTGCTGGACAGTAACTGACGCTGAGGCGCGAAAGCGTGGGG"	"Aut"	"DESEQ_time"	"d__Bacteria"	"p__Firmicutes_A"	"c__Clostridia"	"o__Oscillospirales"	"f__Oscillospiraceae"	"g__unclassified"	"s__unclassified"	"t__unclassified"
"GCAAGCGTTATCCGGATTTACTGGGTGTAAAGGGCGTGTAGGCGGGAGTGCAAGTCAGATGTGAAAACTATGGGCTCAACCCATAGCCTGCATTTGAAACTGTACTTCTTGAGTGATGGAGAGGCAGGCGGAATTCCCTGTGTAGCGGTGAAATGCGTAGATATAGGGAGGAACACCAGTGGCGAAGGCGGCCTGCTGGACATTAACTGACGCTGAGGCGCGAAAGCGTGGGG"	"c(\"Aut\", \"Aut\"), Aut"	"DESEQ_P1, DESEQ_time, ZIG_time"	"d__Bacteria"	"p__Firmicutes_A"	"c__Clostridia"	"o__Oscillospirales"	"f__Oscillospiraceae"	"g__Intestinimonas"	"s__Intestinimonas__butyriciproducens"	"t__unclassified"
"GCAAGCGTTATCCGGATTTACTGGGTGTAAAGGGCGTGTAGGCGGGATTGCAAGTCAGATGTGAAAACTGGGGGCTCAACCTCCAGCCTGCATTTGAAACTGTAGTTCTTGAGTGCTGGAGAGGCAATCGGAATTCCGTGTGTAGCGGTGAAATGCGTAGATATACGGAGGAACACCAGTGGCGAAGGCGGATTGCTGGACAGTAACTGACGCTGAGGCGCGAAAGCGTGGGG"	"c(\"Aut\", \"Aut\")"	"DESEQ_P1, DESEQ_time"	"d__Bacteria"	"p__Firmicutes_A"	"c__Clostridia"	"o__Oscillospirales"	"f__Oscillospiraceae"	"g__Flavonifractor"	"s__unclassified"	"t__unclassified"
"GCAAGCGTTATCCGGATTTACTGGGTGTAAAGGGTGCGTAGGTGGCAAGGCAAGTCAGATGTGAAAGCCCGGGGCTCAACCCCGGTACTGCATTTGAAACTGTCTAGCTAGAGTGCAGGAGAGGTAAGCGGAATTCCTAGTGTAGCGGTGAAATGCGTAGATATTAGGAGGAACACCAGTGGCGAAGGCGGCTTACTGGACTGTAACTGACACTGAGGCACGAAAGCGTGGGG"	"c(\"Control\", \"Control\")"	"ZIG_P2, ZIG_time"	"d__Bacteria"	"p__Firmicutes_A"	"c__Clostridia"	"o__Lachnospirales"	"f__Lachnospiraceae"	"g__unclassified"	"s__unclassified"	"t__unclassified"
"GCAAGCGTTATCCGGATTTACTGGGTGTAAAGGGTGCGTAGGTGGCAAGGCAAGTCTGAAGTGAAAATCCGGGGCTCAACCCCGGAACTGCTTTGGAAACTGTTTAGCTAGAGTACAGGAGAGGTAAGTGGAATTCCTAGTGTAGCGGTGAAATGCGTAGATATTAGGAGGAACACCAGTGGCGAAGGCGACTTACTGGACTGCTACTGACACTGAGGCACGAAAGCGTGGGG"	"Aut"	"ZIG_P3"	"d__Bacteria"	"p__Firmicutes_A"	"c__Clostridia"	"o__Lachnospirales"	"f__Lachnospiraceae"	"g__Coprococcus"	"s__unclassified"	"t__unclassified"
"GCAAGCGTTATCCGGATTTACTGGGTGTAAAGGGTGCGTAGGTGGCAAGGCAAGTCTGAAGTGAAAATCCGGGGCTCAACCCCGGAACTGCTTTGGAAACTGTTTAGCTGGAGTACAGGAGAGGTAAGTGGAATTCCTAGTGTAGCGGTGAAATGCGTAGATATTAGGAGGAACACCAGTGGCGAAGGCGACTTACTGGACTGCTACTGACACTGAGGCACGAAAGCGTGGGG"	"Control"	"ZIG_P2"	"d__Bacteria"	"p__Firmicutes_A"	"c__Clostridia"	"o__Lachnospirales"	"f__Lachnospiraceae"	"g__Coprococcus"	"s__Coprococcus__eutactus_A"	"t__unclassified"
"GCAAGCGTTATCCGGATTTACTGGGTGTAAAGGGTGTGTAGGCGGGAAGCCAAGTCAGATGTGAAAATCATGGGCTCAACTCATGACTTGCATTTGAAACTGGTTTTCTTGAGTATGGGAGAGGTAAATGGAATTCCCGGTGTAGCGGTGAAATGCGTAGATATCGGGAGGAACACCAGTGGCGAAGGCGGTTTACTGGACCACAACTGACGCTGATACACGAAAGCGTGGGG"	"Control"	"ZIG_P3"	"d__Bacteria"	"p__Firmicutes_A"	"c__Clostridia"	"o__unclassified"	"f__unclassified"	"g__unclassified"	"s__unclassified"	"t__unclassified"
"GCAAGCGTTATCCGGATTTATTGGGTGTAAAGGGTGCGTAGACGGGAAAACAAGTTAGTTGTGAAATCCCTCGGCTTAACTGAGGAACTGCAACTAAAACTATTTTTCTTGAGTGCTGGAGAGGAAAGTGGAATTCCTAGTGTAGCGGTGAAATGCGTAGATATTAGGAGGAACACCAGTGGCGAAGGCGACTTTCTGGACAGTAACTGACGTTGAGGCACGAAAGTGTGGGG"	"Aut"	"ZIG_P3"	"d__Bacteria"	"p__Firmicutes_A"	"c__Clostridia"	"o__unclassified"	"f__unclassified"	"g__unclassified"	"s__unclassified"	"t__unclassified"
"GCAAGCGTTGTCCGGAATTACTGGGTGTAAAGGGAGCGCAGGCGGATTGGCAAGTTGGGAGTGAAATCTATGGGCTCAACCCATAAATTGCTTTCAAAACTGTCAGTCTTGAGTGGTGTAGAGGTAGGCGGAATTCCCGGTGTAGCGGTGGAATGCGTAGATATCGGGAGGAACACCAGTGGCGAAGGCGGCCTACTGGGCACTAACTGACGCTGAGGCTCGAAAGCATGGGT"	"Aut"	"DESEQ_time"	"d__Bacteria"	"p__Firmicutes_A"	"c__Clostridia"	"o__Oscillospirales"	"f__Ruminococcaceae"	"g__Ruthenibacterium"	"s__Ruthenibacterium__lactatiformans"	"t__unclassified"
"GCAAGCGTTGTCCGGAATTACTGGGTGTAAAGGGAGCGCAGGCGGGTCGGTAAGTTGGGAGTGAAAACTATGGGCTCAACCCATAAATTGCTTTCAAAACTGCTGATCTTGAGTGGTGTAGAGGTAGGCGGAATTCCCGGTGTAGCGGTGGAATGCGTAGATATCGGGAGGAACACCAGTGGCGAAGGCGGCCTACTGGGCACTAACTGACGCTGAGGCTCGAAAGCATGGGT"	"Aut"	"DESEQ_time"	"d__Bacteria"	"p__Firmicutes_A"	"c__Clostridia"	"o__Oscillospirales"	"f__Ruminococcaceae"	"g__Ruthenibacterium"	"s__unclassified"	"t__unclassified"
"GCAAGCGTTGTCCGGAATTACTGGGTGTAAAGGGAGCGCAGGCGGGTGATCAAGTCAGCTGTGAAAACTACGGGCTTAACCCGTAGACTGCAGTTGAAACTGTTCATCTTGAGTGAAGTAGAGGTTGGCGGAATTCCGAGTGTAGCGGTGAAATGCGTAGATATTCGGAGGAACACCGGTGGCGAAGGCGGCCAACTGGGCTTTAACTGACGCTGAGGCTCGAAAGTGTGGGG"	"c(\"Control\", \"Control\")"	"ZIG_P2, ZIG_time"	"d__Bacteria"	"p__Firmicutes_A"	"c__Clostridia"	"o__Oscillospirales"	"f__Acutalibacteraceae"	"g__Eubacterium_R"	"s__Eubacterium_R__coprostanoligenes"	"t__unclassified"
"GCAAGCGTTGTCCGGAATTACTGGGTGTAAAGGGAGCGTAGGCGGGATGGCAAGTAGAATGTTAAATCCATCGGCTCAACCGGTGGCTGCGTTCTAAACTGCCGTTCTTGAGTGAAGTAGAGGCAGGCGGAATTCCTAGTGTAGCGGTGAAATGCGTAGATATTAGGAGGAACACCAGTGGCGAAGGCGGCCTGCTGGGCTTTAACTGACGCTGAGGCTCGAAAGCGTGGGG"	"Aut"	"ZIG_time"	"d__Bacteria"	"p__Firmicutes_A"	"c__Clostridia"	"o__Oscillospirales"	"f__Ruminococcaceae"	"g__Anaerotruncus"	"s__Anaerotruncus__colihominis"	"t__unclassified"
"GCAAGCGTTGTCCGGAATTACTGGGTGTAAAGGGAGCGTAGGCGGGCAGGCAAGTCAGGCGTGAAATATATCGGCTCAACCGGTAACGGCGCTTGAAACTGCAGGTCTTGAGTGAAGTAGAGGTTGGCGGAATTCCTAGTGTAGCGGTGAAATGCGTAGATATTAGGAGGAACACCAGTGGCGAAGGCGGCCAACTGGGCTTTTACTGACGCTGAGGCTCGAAAGTGTGGGG"	"Aut"	"DESEQ_time"	"d__Bacteria"	"p__Firmicutes_A"	"c__Clostridia"	"o__Oscillospirales"	"f__Ruminococcaceae"	"g__unclassified"	"s__unclassified"	"t__unclassified"
"GCAAGCGTTGTCCGGAATTATTGGGCGTAAAGCGCGCGCAGGCGGATTGGTCAGTCTGTCTTAAAAGTTCGGGGCTTAACCCCGTGATGGGATGGAAACTGCCAATCTAGAGTATCGGAGAGGAAAGTGGAATTCCTAGTGTAGCGGTGAAATGCGTAGATATTAGGAAGAACACCAGTGGCGAAGGCGACTTTCTGGACGAAAACTGACGCTGAGGCGCGAAAGCCAGGGG"	"c(\"Control\", \"Control\")"	"ZIG_P3, ZIG_time"	"d__Bacteria"	"p__Firmicutes_C"	"c__Negativicutes"	"o__Veillonellales"	"f__Veillonellaceae"	"g__Veillonella"	"s__unclassified"	"t__unclassified"
"GCAAGCGTTGTCCGGAATTATTGGGCGTAAAGCGCGCGCAGGCGGTTTCATAAGTCTGTCTTAAAAGTGCGGGGCTTAACCCCGTGAGGGGATGGAAACTATGGAACTGGAGTATCGGAGAGGAAAGCGGAATTCCTAGTGTAGCGGTGAAATGCGTAGATATTAGGAAGAACACCAGTGGCGAAGGCGGCTTTCTGGACGACAACTGACGCTGAGGCGCGAAAGCCAGGGG"	"Control"	"DESEQ_time"	"d__Bacteria"	"p__Firmicutes_C"	"c__Negativicutes"	"o__Veillonellales"	"f__Veillonellaceae"	"g__Veillonella_A"	"s__Veillonella_A__seminalis"	"t__unclassified"
"GCAAGCGTTGTCCGGAATTATTGGGCGTAAAGCGCGCGCAGGTGGTTTAATAAGTCTGATGTGAAAGCCCACGGCTCAACCGTGGAGGGTCATTGGAAACTGTTAAACTTGAGTGCAGGAGAGAAAAGTGGAATTCCTAGTGTAGCGGTGAAATGCGTAGAGATTAGGAGGAACACCAGTGGCGAAGGCGGCTTTTTGGCCTGTAACTGACACTGAGGCGCGAAAGCGTGGGG"	"Aut, Aut"	"DESEQ_time, ZIG_P1"	"d__Bacteria"	"p__Firmicutes"	"c__Bacilli"	"o__Staphylococcales"	"f__Gemellaceae"	"g__Gemella"	"s__unclassified"	"t__unclassified"
"GCAAGCGTTGTCCGGATTCACTGGGCGTAAAGAGCACGTAGGCGGTTAATTAAGTCAGGTGTGAAAGTTTTCGGCTCAACCGGAAAAGTGCACTTGAAACTGGATAACTTGAGTATCGGAGAGGTAAGCGGAATTCCTAGTGTAGCGGTGAAATGCGTAGAGATTAGGAAGAACACCGGTGGCGAAGGCGGCTTACTGGACGATAACTGACGCTGAGGTGCGAAAGCGTGGGG"	"Aut"	"ZIG_time"	"d__Bacteria"	"p__Firmicutes_A"	"c__Clostridia"	"o__Eubacteriales"	"f__Anaerofustaceae"	"g__Anaerofustis"	"s__Anaerofustis__stercorihominis"	"t__unclassified"
"GCAAGCGTTGTCCGGATTTACTGGGTGTAAAGGGCGTGCAGCCGGGAATGCAAGTCAGATGTGAAATCCATGGGCTTAACCCATGAACTGCATTTGAAACTGTATTTCTTGAGTACTGGAGAGGCAATCGGAATTCCTAGTGTAGCGGTGAAATGCGTAGATATTAGGAGGAACACCAGTGGCGAAGGCGGATTGCTGGACAGCAACTGACGGTGAGGCGCGAAAGTGTGGGG"	"Control"	"ZIG_time"	"d__Bacteria"	"p__Firmicutes_A"	"c__Clostridia"	"o__Oscillospirales"	"f__Oscillospiraceae"	"g__PROV_t__108638"	"s__unclassified"	"t__unclassified"
"GCAAGCGTTGTCCGGATTTACTGGGTGTAAAGGGCGTGCAGCCGGGCCGGCAAGTCAGATGTGAAATCTGGAGGCTTAACCTCCAAACTGCATTTGAAACTGTAGGTCTTGAGTACCGGAGAGGTTATCGGAATTCCTTGTGTAGCGGTGAAATGCGTAGATATAAGGAAGAACACCAGTGGCGAAGGCGGATAACTGGACGGCAACTGACGGTGAGGCGCGAAAGCGTGGGG"	"c(\"Aut\", \"Aut\")"	"DESEQ_P1, DESEQ_time"	"d__Bacteria"	"p__Firmicutes_A"	"c__Clostridia"	"o__Oscillospirales"	"f__Oscillospiraceae"	"g__Oscillibacter"	"s__PROV_t__114722"	"t__unclassified"
"GCAAGCGTTGTCCGGATTTACTGGGTGTAAAGGGCGTGCAGCCGGGCTGGCAAGTCAGGCGTGAAATCCCAGGGCTCAACCCTGGAACTGCGTTTGAAACTGCTGGTCTTGAGTACCGGAGAGGTCATCGGAATTCCTTGTGTAGCGGTGAAATGCGTAGATATAAGGAAGAACACCAGTGGCGAAGGCGGATGACTGGACGGCAACTGACGGTGAGGCGCGAAAGCGTGGGG"	"c(\"Aut\", \"Aut\")"	"DESEQ_P2, DESEQ_time"	"d__Bacteria"	"p__Firmicutes_A"	"c__Clostridia"	"o__Oscillospirales"	"f__Oscillospiraceae"	"g__Oscillibacter"	"s__PROV_t__167149"	"t__unclassified"
"GCAAGCGTTGTCCGGATTTACTGGGTGTAAAGGGCGTGCAGCCGGGTGCGCAAGTCAGATGTGAAATCTCAGGGCTCAACCCTGAAACTGCATTTGAAACTGTGCATCTTGAGTGCCGGAGAGGTAATCGGAATTCCTTGTGTAGCGGTGAAATGCGTAGATATAAGGAAGAACACCAGTGGCGAAGGCGGATTACTGGACGGTAACTGACGGTGAGGCGCGAAAGCGTGGGG"	"Control"	"ZIG_P2"	"d__Bacteria"	"p__Firmicutes_A"	"c__Clostridia"	"o__Oscillospirales"	"f__Oscillospiraceae"	"g__Oscillibacter"	"s__unclassified"	"t__unclassified"
"GCAAGCGTTGTCCGGATTTACTGGGTGTAAAGGGCGTGTAGCCGGGAAGGCAAGTCAGATGTGAAATCCACGGGCTCAACTCGTGAACTGCATTTGAAACTGTTTTTCTTGAGTATCGGAGAGGCAATCGGAATTCCTAGTGTAGCGGTGAAATGCGTAGATATTAGGAGGAACACCAGTGGCGAAGGCGGATTGCTGGACGACAACTGACGGTGAGGCGCGAAAGCGTGGGG"	"Control"	"ZIG_P2"	"d__Bacteria"	"p__Firmicutes_A"	"c__Clostridia"	"o__Oscillospirales"	"f__Oscillospiraceae"	"g__unclassified"	"s__unclassified"	"t__unclassified"
"GCAAGCGTTGTCCGGATTTACTGGGTGTAAAGGGCGTGTAGCCGGGGAGACAAGTCAGATGTGAAATCTGGAGGCTCAACCTCCAAACTGCATTTGAAACTGTTTCTCTTGAGTATCGGAGAGGTAATCGGAATTCCTAGTGTAGCGGTGAAATGCGTAGATATTAGGAAGAACACCAGTGGCGAAGGCGGATTACTGGACGACAACTGACGGTGAGGCGCGAAAGCGTGGGG"	"Aut"	"DESEQ_time"	"d__Bacteria"	"p__Firmicutes_A"	"c__Clostridia"	"o__Oscillospirales"	"f__Oscillospiraceae"	"g__Oscillibacter"	"s__unclassified"	"t__unclassified"
"GCAAGCGTTGTCCGGATTTACTGGGTGTAAAGGGCGTGTAGGCGGAGAAGCAAGTCAGAAGTGAAATCCATGGGCTTAACCCATGAACTGCTTTTGAAACTGTTTCCCTTGAGTATCGGAGAGGCAGGCGGAATTCCTAGTGTAGCGGTGAAATGCGTAGATATTAGGAGGAACACCAGTGGCGAAGGCGGCCTGCTGGACGACAACTGACGCTGAGGCGCGAAAGCGTGGGG"	"c(\"Control\", \"Control\")"	"ZIG_P2, ZIG_time"	"d__Bacteria"	"p__Firmicutes_A"	"c__Clostridia"	"o__Oscillospirales"	"f__Oscillospiraceae"	"g__unclassified"	"s__unclassified"	"t__unclassified"
"GCAAGCGTTGTCCGGATTTACTGGGTGTAAAGGGCGTGTAGGCGGAGATGCAAGTCAGATGTGAAATCCTCGGGCTTAACCCGGGAACTGCATTTGAAACTGTATCCCTTGAGTATCGGAGAGGCAGGCGGAATTCCTAGTGTAGCGGTGAAATGCGTAGATATTAGGAGGAACACCAGTGGCGAAGGCGGCCTGCTGGACGACAACTGACGCTGAGGCGCGAAAGCGTGGGG"	"Aut, Aut, Control"	"DESEQ_time, ZIG_P3, ANCOM_time"	"d__Bacteria"	"p__Firmicutes_A"	"c__Clostridia"	"o__Oscillospirales"	"f__Oscillospiraceae"	"g__unclassified"	"s__unclassified"	"t__unclassified"
"GCAAGCGTTGTCCGGATTTACTGGGTGTAAAGGGCGTGTAGGCGGAGCTGCAAGTCAGATGTGAAATCTCTGGGCTCAACCCAGAAACTGCATTTGAAACTGTAGCCCTTGAGTATCGGAGAGGCAAGCGGAATTCCTAGTGTAGCGGTGAAATGCGTAGATATTAGGAGGAACACCAGTGGCGAAGGCGGCTTGCTGGACGACAACTGACGCTGAGGCGCGAAAGCGTGGGG"	"Control"	"ZIG_time"	"d__Bacteria"	"p__Firmicutes_A"	"c__Clostridia"	"o__unclassified"	"f__unclassified"	"g__unclassified"	"s__unclassified"	"t__unclassified"
"GCAAGCGTTGTCCGGATTTACTGGGTGTAAAGGGCGTGTAGGCGGGATTGCAAGTCAGGCGTGAAAACCAGGGGCTCAACCTCTGGCCTGCGTTTGAAACTGTAGTTCTTGAGTACTGGAGAGGTTGACGGAATTCCTAGTGTAGCGGTGAAATGCGTAGATATTAGGAGGAACACCAGTGGCGAAGGCGGTCAACTGGACAGCAACTGACGCTGAGGCGCGAAAGCGTGGGG"	"Aut"	"ZIG_P1"	"d__Bacteria"	"p__Firmicutes_A"	"c__Clostridia"	"o__Oscillospirales"	"f__Oscillospiraceae"	"g__Lawsonibacter"	"s__unclassified"	"t__unclassified"
"GCAAGCGTTGTCCGGATTTACTGGGTGTAAAGGGTGCGTAGGCGGCTAGGCAAGTCAGACGTGAAAACCATGGGCTCAACCTGTGGACTGCGTTTGAAACTGTTTAGCTTGAGTGAAGTAGAGGTAGGCGGAATTCCCGGTGTAGCGGTGAAATGCGTAGAGATCGGGAGGAACACCAGTGGCGAAGGCGGCCTACTGGGCTTTAACTGACGCTGAGGCACGAAAGCATGGGT"	"Aut"	"DESEQ_P1"	"d__Bacteria"	"p__Firmicutes_A"	"c__Clostridia"	"o__Oscillospirales"	"f__Acutalibacteraceae"	"g__unclassified"	"s__unclassified"	"t__unclassified"
"GCAAGCGTTGTCCGGATTTACTGGGTGTAAAGGGTGCGTAGGCGGCTTTGCAAGTCAGATGTGAAATCTATGGGCTCAACCCATAAACTGCATTTGAAACTGTAGAGCTTGAGTGAAGTAGAGGCAGGTGGAATTCCCCGTGTAGCGGTGAAATGCGTAGAGATGGGGAGGAACACCAGTGGCGAAGGCGGCCTGCTGGGCTTTAACTGACGCTGAGGCACGAAAGCGTGGGT"	"Aut"	"DESEQ_P3"	"d__Bacteria"	"p__Firmicutes_A"	"c__Clostridia"	"o__Oscillospirales"	"f__Acutalibacteraceae"	"g__Ruminococcus_E"	"s__unclassified"	"t__unclassified"
"GCAAGCGTTGTCCGGATTTACTGGGTGTAAAGGGTGCGTAGGCGGTTCGGCAAGTCAGAAGTGAAATCCATGGGCTTAACCCATGAACTGCTTTTGAAACTGTCGAACTTGAGTGAAGTAGAGGTAGGCGGAATTCCCGGTGTAGCGGTGAAATGCGTAGAGATCGGGAGGAACACCAGTGGCGAAGGCGGCCTACTGGGCTTTAACTGACGCTGAGGCACGAAAGCATGGGT"	"Control"	"ZIG_P2"	"d__Bacteria"	"p__Firmicutes_A"	"c__Clostridia"	"o__Oscillospirales"	"f__Acutalibacteraceae"	"g__Acutalibacter"	"s__unclassified"	"t__unclassified"
"GCAAGCGTTGTCCGGATTTATTGGGCGTAAAGCGAGCGCAGGCGGTTCCTTAAGTCTGATGTGAAAGCCCCCGGCTCAACCGGGGAGGGTCATTGGAAACTGGGGAACTTGAGTGCAGAAGAGGAGAGTGGAATTCCATGTGTAGCGGTGAAATGCGTAGATATATGGAGGAACACCAGTGGCGAAGGCGACTCTCTGGTCTGTAACTGACGCTGAGGCTCGAAAGCGTGGGT"	"Control"	"ZIG_P3"	"d__Bacteria"	"p__Firmicutes"	"c__Bacilli"	"o__Lactobacillales"	"f__unclassified"	"g__unclassified"	"s__unclassified"	"t__unclassified"
"GCAAGCGTTGTCCGGATTTATTGGGCGTAAAGCGAGCGCAGGCGGTTTTTTAAGTCTGATGTGAAAGCCTTCGGCTCAACCGAAGAAGTGCATCGGAAACTGGGAAACTTGAGTGCAGAAGAGGACAGTGGAACTCCATGTGTAGCGGTGAAATGCGTAGATATATGGAAGAACACCAGTGGCGAAGGCGGCTGTCTGGTCTGTAACTGACGCTGAGGCTCGAAAGTATGGGT"	"Aut"	"DESEQ_time"	"d__Bacteria"	"p__Firmicutes"	"c__Bacilli"	"o__Lactobacillales"	"f__Lactobacillaceae"	"g__Lactobacillus_F"	"s__unclassified"	"t__unclassified"
"GCAAGCGTTGTTCGGAATTACTGGGCGTAAAGGGAGTGTAGGCGGTTATGTAAGATAGTGGTGAAATCCCAGAGCTTAACTTTGGAATTGCCATTATGACTATGTGGCTAGAATTACAGAGAGGATAGTGGAATACCCAGTGTAGAGGTGAAATTCGTAGATATTGGGTAGAACACCAGTGGCGAAGGCGACTATCTGGCTGTATATTGACGCTGAGGCTCGAAAGCATGGGG"	"Aut"	"DESEQ_time"	"d__Bacteria"	"p__Proteobacteria"	"c__Alphaproteobacteria"	"o__unclassified"	"f__unclassified"	"g__unclassified"	"s__unclassified"	"t__unclassified"
"GCGAGCGTTAATCGGAATAACTGGGCGTAAAGGGCACGCAGGCGGTGACTTAAGTGAGGTGTGAAAGCCCCGGGCTTAACCTGGGAATTGCATTTCATACTGGGTCGCTAGAGTACTTTAGGGAGGGGTAGAATTCCACGTGTAGCGGTGAAATGCGTAGAGATGTGGAGGAATACCGAAGGCGAAGGCAGCCCCTTGGGAATGTACTGACGCTCATGTGCGAAAGCGTGGGG"	"c(\"Control\", \"Control\")"	"ZIG_P2, ZIG_time"	"d__Bacteria"	"p__Proteobacteria"	"c__Gammaproteobacteria"	"o__Enterobacterales"	"f__Pasteurellaceae"	"g__Haemophilus_D"	"s__unclassified"	"t__unclassified"
"GCGAGCGTTAATCGGAATTACTGGGCGTAAAGGGTGCGCAGGCGGTTGAGTAAGACAGATGTGAAATCCCCGAGCTTAACTCGGGAATGGCATATGTGACTGCTCGACTAGAGTGTGTCAGAGGGAGGTGGAATTCCACGTGTAGCAGTGAAATGCGTAGATATGTGGAAGAACACCGATGGCGAAGGCAGCCTCCTGGGACATAACTGACGCTCAGGCACGAAAGCGTGGGG"	"c(\"Aut\", \"Aut\")"	"DESEQ_P1, DESEQ_time"	"d__Bacteria"	"p__Proteobacteria"	"c__Gammaproteobacteria"	"o__Burkholderiales"	"f__Burkholderiaceae"	"g__Parasutterella"	"s__Parasutterella__excrementihominis"	"t__unclassified"
"GCGAGCGTTATCCGGAATCATTGGGCGTAAAGAGGGAGCAGGCGGCAATAGAGGTCTGCGGTGAAAGCCTGAAGCTAAACTTCAGTAAGCCGTGGAAACCAAATAGCTAGAGTGCAGTAGAGGATCGTGGAATTCCATGTGTAGCGGTGAAATGCGTAGATATATGGAGGAACACCAGTGGCGAAGGCGACGATCTGGGCTGCAACTGACGCTCAGTCCCGAAAGCGTGGGG"	"Aut"	"DESEQ_P2"	"d__Bacteria"	"p__Firmicutes"	"c__Bacilli"	"o__Erysipelotrichales"	"f__Erysipelatoclostridiaceae"	"g__Coprobacillus"	"s__Coprobacillus__cateniformis"	"t__unclassified"
"GCGAGCGTTATCCGGAATCATTGGGCGTAAAGGGTGCGTAGGTGGCACGATAAGTCTGTAGTAAAAGGCAGCGGCTCAACCGCTGTTGGCTATGGAAACTGTCGAGCTGGAGTGCAGAAGAGGGCGATGGAATTCCATGTGTAGCGGTAAAATGCGTAGATATATGGAGGAACACCAGTGGCGAAGGCGGCCGCCTGGTCTGCAACTGACACTGAAGCACGAAAGCGTGGGG"	"Aut"	"DESEQ_time"	"d__Bacteria"	"p__Firmicutes"	"c__Bacilli"	"o__Erysipelotrichales"	"f__Erysipelotrichaceae"	"g__unclassified"	"s__unclassified"	"t__unclassified"
"GCGAGCGTTATCCGGAATTATTGGGCGTAAAGAGCGCGCAGGTGGTTGATTAAGTCTGATGTGAAAGCCCACGGCTTAACCGTGGAGGGTCATTGGAAACTGGTCGACTTGAGTGCAGAAGAGGGAAGTGGAATTCCATGTGTAGCGGTGAAATGCGTAGAGATATGGAGGAACACCAGTGGCGAAGGCGGCTTCCTGGTCTGTAACTGACACTGAGGCGCGAAAGCGTGGGG"	"Aut"	"ZIG_P1"	"d__Bacteria"	"p__Firmicutes"	"c__Bacilli"	"o__Haloplasmatales"	"f__Turicibacteraceae"	"g__Turicibacter"	"s__unclassified"	"t__unclassified"
"GCGAGCGTTATCCGGAATTATTGGGCGTAAAGAGGGAGCAGGCGGCGGCAGAGGTCTGTGGTGAAAGACTGAAGCTTAACTTCAGTAAGCCATAGAAACCGGGCTGCTAGAGTGCAGGAGAGGATCGTGGAATTCCATGTGTAGCGGTGAAATGCGTAGATATATGGAGGAACACCAGTGGCGAAGGCGACGGTCTGGCCTGTAACTGACGCTCATTCCCGAAAGCGTGGGG"	"Aut"	"DESEQ_time"	"d__Bacteria"	"p__Firmicutes"	"c__Bacilli"	"o__Erysipelotrichales"	"f__Erysipelatoclostridiaceae"	"g__Erysipelatoclostridium"	"s__Erysipelatoclostridium__spiroforme"	"t__unclassified"
"GCGAGCGTTATCCGGAATTATTGGGCGTAAAGAGTGCGTAGGTGGTAACTTAAGCGCGGGGTTTAAGGCAATGGCTTAACCATTGTTCGCCCTGCGAACTGGGATACTTGAGTGCAGGAGAGGAAAGCGGAATTCCTAGTGTAGCGGTGAAATGCGTAGATATTAGGAGGAACACCAGTGGCGAAGGCGGCTTTCTGGACTGAAACTGACACTGAGGCACGAAAGTGTGGGG"	"c(\"Aut\", \"Aut\"), c(\"Aut\", \"Aut\", \"Aut\")"	"DESEQ_P1, DESEQ_time, ZIG_P2, ZIG_P3, ZIG_time"	"d__Bacteria"	"p__Firmicutes_A"	"c__Clostridia"	"o__Peptostreptococcales"	"f__Anaerovoracaceae"	"g__unclassified"	"s__unclassified"	"t__unclassified"
"GCGAGCGTTATCCGGAATTATTGGGCGTAAAGGGTGCGCAGGCGGTTTGTTAAGTTTAAGGTGAAAGCGTGGGGCTTAACCCCATATAGCCTTAGAAACTGACAGACTAGAGTACAGGAGAGGGCAATGGAATTCCATGTGTAGCGGTAAAATGCGTAGATATATGGAGGAACACCAGTGGCGAAGGCGGTTGCCTGGCCTGTAACTGACGCTCATGCACGAAAGCGTGGGG"	"Aut"	"DESEQ_time"	"d__Bacteria"	"p__Firmicutes"	"c__Bacilli"	"o__Erysipelotrichales"	"f__Erysipelotrichaceae"	"g__Holdemania"	"s__unclassified"	"t__unclassified"
"GCGAGCGTTATCCGGAATTATTGGGTGTAAAGGGTGCGTAGACGGGAGAACAAGTTAGTTGTGAAATACCTCGGCTCAACTGAGGAACTGCAACTAAAACTGTACTTCTTGAGTGCAGGAGAGGTAAGTGGAATTCCTAGTGTAGCGGTGAAATGCGTAGATATTAGGAGGAACACCAGTGGCGAAGGCGACTTACTGGACTGTAACTGACGTTGAGGCACGAAAGTGTGGGG"	"Aut"	"DESEQ_time"	"d__Bacteria"	"p__Firmicutes_A"	"c__Clostridia"	"o__unclassified"	"f__unclassified"	"g__unclassified"	"s__unclassified"	"t__unclassified"
"GCGAGCGTTATCCGGATTCATTGGGCGTAAAGAGCGCGTAGGCGGCCTCTCAAGCGGGATCTCTAATCCGAGGGCTCAACCCCCGGCCGGATCCCGAACTGGGAGGCTCGAGTTCGGTAGAGGCAGGCGGAATTCCCGGTGTAGCGGTGGAATGCGCAGATATCGGGAAGAACACCGATGGCGAAGGCAGCCTGCTGGGCCGCAACTGACGCTGAGGCGCGAAAGCTAGGGG"	"Aut"	"DESEQ_time"	"d__Bacteria"	"p__Actinobacteriota"	"c__Coriobacteriia"	"o__Coriobacteriales"	"f__Eggerthellaceae"	"g__Eggerthella"	"s__Eggerthella__lenta"	"t__unclassified"
"GCGAGCGTTATCCGGATTCATTGGGCGTAAAGCGCGCGTAGGCGGCCCGGCAGGCCGGGGGTCGAAGCGGGGGGCTCAACCCCCCGAAGCCCCCGGAACCTCCGCGGCTTGGGTCCGGTAGGGGAGGGTGGAACACCCGGTGTAGCGGTGGAATGCGCAGATATCGGGTGGAACACCGGTGGCGAAGGCGGCCCTCTGGGCCGAGACCGACGCTGAGGCGCGAAAGCTGGGGG"	"c(\"Aut\", \"Aut\", \"Aut\")"	"ZIG_P1, ZIG_P2, ZIG_time"	"d__Bacteria"	"p__Actinobacteriota"	"c__Coriobacteriia"	"o__Coriobacteriales"	"f__Coriobacteriaceae"	"g__Collinsella"	"s__unclassified"	"t__unclassified"
"GCGAGCGTTATCCGGATTCATTGGGCGTAAAGCGCGCGTAGGCGGGCTTCTAAGCGGAACCTCTAACCCGAGGGCTCAACCCCCGGCCGGGTTCCGAACTGGAAGCCTCGAGTCTGGTAGAGGAAGATGGAATTCCCGGTGTAGCGGTGGAATGCGCAGATATCGGGAAGAACACCGATGGCGAAGGCAGTCTTCTGGGCCGCGACTGACGCTGAGGCGCGAAAGCTGGGGG"	"Aut"	"ZIG_P2"	"d__Bacteria"	"p__Actinobacteriota"	"c__Coriobacteriia"	"o__Coriobacteriales"	"f__Eggerthellaceae"	"g__Gordonibacter"	"s__Gordonibacter__urolithinfaciens"	"t__unclassified"
"GCGAGCGTTATCCGGATTTATTGGGTTTAAAGGGTGCGTAGGCGGTTTATTAAGTTAGTGGTTAAATATTTGAGCTAAACTCAATTGTGCCATTAATACTGGTAAACTGGAGTACAGACGAGGTAGGCGGAATAAGTTAAGTAGCGGTGAAATGCATAGATATAACTTAGAACTCCGATAGCGAAGGCAGCTTACCAGACTGTAACTGACGCTGATGCACGAGAGCGTGGGT"	"Aut"	"ZIG_P3"	"d__Bacteria"	"p__Bacteroidota"	"c__Bacteroidia"	"o__Bacteroidales"	"f__Marinifilaceae"	"g__Odoribacter"	"s__Odoribacter__splanchnicus"	"t__unclassified"
"GCGAGCGTTGTCCGGAATGATTGGGCGTAAAGGGCGCGTAGGCGGCCTGCTAAGTCTGGAGTGAAAGTCCTGCTTTCAAGGTGGGAATTGCTTTGGATACTGGTGGGCTGGAGTGCAGGAGAGGAAAGCGGAATTACCGGTGTAGCGGTGAAATGCGTAGAGATCGGTAGGAACACCAGTGGCGAAGGCGGCTTTCTGGACTGAAACTGACGCTGAGGCGCGAAAGCGTGGGG"	"Aut"	"DESEQ_time"	"d__Bacteria"	"p__Firmicutes_A"	"c__Clostridia"	"o__Christensenellales"	"f__PROV_t__125037"	"g__PROV_t__256791"	"s__PROV_t__256791"	"t__unclassified"
"GCGAGCGTTGTCCGGAATTACTGGGCGTAAAGGGCGCGTAGGCGGCCAATTAAGTTAGATGTGAAATCCCCGGGCTTAACCTGGGTGTTGCATTTAAAACTGATAGGCTTGAGTGCAGGAGAGGGAAGCGGAATTCCTAGTGTAGCGGTGGAATGCGTAGATATTAGGAGGAACACCAGTGGCGAAGGCGGCTTTCTGGACTGTAACTGACGCTGAGGCGCGAGAGCGTGGGG"	"Aut"	"DESEQ_time"	"d__Bacteria"	"p__Firmicutes_A"	"c__Clostridia"	"o__unclassified"	"f__unclassified"	"g__unclassified"	"s__unclassified"	"t__unclassified"
"GCGAGCGTTGTCCGGAATTACTGGGCGTAAAGGGCGCGTAGGCGGTAGATCAAGTCGCATGTGAAATACCCGGGCTCAACCTGGGGGGTGCATGCGAAACTGGAATACTTGAGTGCGGTAGAGGAAAGTGGAATTCCTAGTGTAGCGGTGAAATGCGTAGATATTAGGAGGAACACCAGTGGCGAAGGCGACTTTCTGGGCCGTAACTGACGCTGAGGCGCGAAAGCGTGGGG"	"Aut"	"DESEQ_time"	"d__Bacteria"	"p__unclassified"	"c__unclassified"	"o__unclassified"	"f__unclassified"	"g__unclassified"	"s__unclassified"	"t__unclassified"
"GCGAGCGTTGTCCGGAATTACTGGGCGTAAAGGGTGCGTAGGCGGCCCTGCAGGTCAGATGTGAAATACCCGTGCTTAACATGGGGGCTGCATTTGAAACCGTAGGGCTTGAGTGCGGAAGAGGTAAGTGGAATTCCCGGTGTAGCGGTGAAATGCGTAGAGATCGGGAGGAACACCAGTGGCGAAGGCGACTTACTGGGCCGCAACTGACGCTGAGGCACGAAAGCGTGGGG"	"Aut"	"DESEQ_time"	"d__Bacteria"	"p__unclassified"	"c__unclassified"	"o__unclassified"	"f__unclassified"	"g__unclassified"	"s__unclassified"	"t__unclassified"
"GCGAGCGTTGTCCGGAATTACTGGGCGTAAAGGGTGCGTAGGCGGTCTGAAAAGTCGGATGTGAAATCCCCGTGCTTAACATGGGAGCTGCATTCGAAACTTTCGGACTTGAGTGTCGGAGAGGTAAGCGGAATTCCCGGTGTAGCGGTGAAATGCGTAGATATCGGGAGGAACACCAGTGGCGAAGGCGGCTTACTGGACGACAACTGACGCTGAGGCACGAAAGCGTGGGG"	"Aut"	"DESEQ_time"	"d__Bacteria"	"p__Firmicutes_A"	"c__unclassified"	"o__unclassified"	"f__unclassified"	"g__unclassified"	"s__unclassified"	"t__unclassified"
"GCGAGCGTTGTCCGGAATTACTGGGCGTAAAGGGTGCGTAGGCGGTTTGGTAAGTCAGATGTGAAATACCCGGGCTTAACCCGGGGGCTGCATCTGATACTGTCAGACTTGAGTGCAGGAGAGGAAAGCGGAATTCCTAGTGTAGCGGTGAAATGCGTAGATATTAGGAGGAACACCAGTGGCGAAGGCGGCTTTCTGGACTGTAACTGACGCTGAGGCACGAAAGCGTGGGG"	"Aut"	"DESEQ_time"	"d__Bacteria"	"p__Firmicutes_A"	"c__Clostridia"	"o__unclassified"	"f__unclassified"	"g__unclassified"	"s__unclassified"	"t__unclassified"
"GCGAGCGTTGTCCGGAATTACTGGGTGTAAAGGGAGCGTAGGCGGGAAAGCAAGTTGGAAGTGAAATGCATGGGCTCAACCCATGAGCTGCTTTCAAAACTGTTTTTCTTGAGTGAAGTAGAGGCAGGCGGAATTCCTAGTGTAGCGGTGAAATGCGTAGATATTAGGAGGAACACCAGTGGCGAAGGCGGCCTGCTGGGCTTTAACTGACGCTGAGGCTCGAAAGCGTGGGT"	"Aut"	"DESEQ_time"	"d__Bacteria"	"p__Firmicutes_A"	"c__Clostridia"	"o__Oscillospirales"	"f__Ruminococcaceae"	"g__unclassified"	"s__unclassified"	"t__unclassified"
"GCGAGCGTTGTCCGGAATTACTGGGTGTAAAGGGAGCGTAGGCGGGAAAGCAAGTTGGAAGTGAAATGCATGGGCTTAACCCATGAGCTGCTTTCAAAACTGTTTTTCTTGAGTGAAGTAGAGGCAGGCGGAATTCCTAGTGTAGCGGTGAAATGCGTAGATATTAGGAGGAACACCAGTGGCGAAGGCGGCCTGCTGGGCTTTAACTGACGCTGAGGCTCGAAAGCGTGGGT"	"Aut"	"ZIG_P1"	"d__Bacteria"	"p__Firmicutes_A"	"c__Clostridia"	"o__Oscillospirales"	"f__Ruminococcaceae"	"g__unclassified"	"s__unclassified"	"t__unclassified"
"GCGAGCGTTGTCCGGAATTACTGGGTGTAAAGGGAGCGTAGGCGGGAAGGCAAGTTGGATGTGAAAACTGTGGGCTCAACCGACAGACTGCATTCAAAACTGTTTTTCTTGAGTGAAGTAGAGGCAAGCGGAATTCCTAGTGTAGCGGTGAAATGCGTAGATATTAGGAGGAACACCAGTGGCGAAGGCGGCTTGCTGGGCTTTTACTGACGCTGAGGCTCGAAAGTGTGGGG"	"Aut"	"ZIG_P3"	"d__Bacteria"	"p__Firmicutes_A"	"c__Clostridia"	"o__Oscillospirales"	"f__Ruminococcaceae"	"g__Angelakisella"	"s__unclassified"	"t__unclassified"
"GCGAGCGTTGTCCGGAATTACTGGGTGTAAAGGGAGTGTAGGCGGGATCATAAGTTGCGTGTGAAATGCAGGGGCTCAACCCCTGAACTGCGCGCAAAACTGTGGTTCTTGAGTGAAGTAGAGGCAGGCGGAATTCCCGGTGTAGCGGTGGAATGCGTAGATATCGGGAGGAACACCAGTGGCGAAGGCGGCCTGCTGGGCTTTTACTGACGCTGAGGCTCGAAAGCATGGGG"	"Aut"	"ZIG_time"	"d__Bacteria"	"p__Firmicutes_A"	"c__Clostridia"	"o__Oscillospirales"	"f__Ruminococcaceae"	"g__Bittarella"	"s__Bittarella__massiliensis"	"t__unclassified"
"GCGAGCGTTGTCCGGATTTACTGGGCGTAAAGGGAGCGTAGGCGGACTTTTAAGTGAGATGTGAAATACCCGGGCTCAACTTGGGTGCTGCATTTCAAACTGGAAGTCTAGAGTGCAGGAGAGGAGAATGGAATTCCTAGTGTAGCGGTGAAATGCGTAGAGATTAGGAAGAACACCAGTGGCGAAGGCGATTCTCTGGACTGTAACTGACGCTGAGGCTCGAAAGCGTGGGG"	"c(\"Aut\", \"Aut\")"	"DESEQ_P1, DESEQ_time"	"d__Bacteria"	"p__Firmicutes_A"	"c__Clostridia"	"o__Clostridiales"	"f__unclassified"	"g__unclassified"	"s__unclassified"	"t__unclassified"
"GCGAGCGTTGTCCGGATTTACTGGGCGTAAAGGGAGCGTAGGCGGATTTTTAAGTGAGATGTGAAATACTCGGGCTTAACCTGAGTGCTGCATTTCAAACTGGAAGTCTAGAGTGCAGGAGAGGAGAAGGGAATTCCTAGTGTAGCGGTGAAATGCGTAGAGATTAGGAAGAACACCAGTGGCGAAGGCGCTTCTCTGGACTGTAACTGACGCTGAGGCTCGAAAGCGTGGGG"	"Aut"	"DESEQ_time"	"d__Bacteria"	"p__Firmicutes_A"	"c__Clostridia"	"o__Clostridiales"	"f__Clostridiaceae"	"g__Clostridium"	"s__unclassified"	"t__unclassified"
"GCGAGCGTTGTCCGGATTTACTGGGTGTAAAGGGTGCGTAGGCGGATAGGCAAGTCAGTGGTGAAATCTATGGGCTTAACCCATAAACTGCCATTGAAACTGTTTATCTTGAGTGGAGTAGAGGCAGGCGGAATTCCCGGTGTAGCGGTGAAATGCGTAGAGATCGGGAGGAACACCAGTGGCGAAGGCGGCCTGCTGGGCTTTAACTGACGCTGAGGCACGAAAGTGTGGGT"	"Aut"	"DESEQ_time"	"d__Bacteria"	"p__Firmicutes_A"	"c__Clostridia"	"o__Oscillospirales"	"f__Acutalibacteraceae"	"g__unclassified"	"s__unclassified"	"t__unclassified"
"GCGAGCGTTGTCCGGATTTACTGGGTGTAAAGGGTGCGTAGGCGGGAAAGCAAGTCAGGTGTGAAATACCGGGGCTCAACTCCGGGGCTGCGCTTGAAACTGTTTTTCTTGAGTGAAGTAGAGGCAGGCGGAATTCCTAGTGTAGCGGTGGAATGCGTAGATATTAGGAGGAACACCAGTGGCGAAGGCGGCCTGCTGGGCTTTAACTGACGCTGAGGCACGAAAGCATGGGG"	"Aut"	"ZIG_P3"	"d__Bacteria"	"p__Firmicutes_A"	"c__Clostridia"	"o__unclassified"	"f__unclassified"	"g__unclassified"	"s__unclassified"	"t__unclassified"
"GCGAGCGTTGTCCGGATTTACTGGGTGTAAAGGGTGCGTAGGCGGGATGGCAAGTCAGATGTGAAATACCGGGGCTTAACCCCGGGGCTGCATTTGAAACTGTCGTTCTTGAGTGAAGTAGAGGCAGGCGGAATTCCTAGTGTAGCGGTGAAATGCGTAGATATTAGGAGGAACACCAGTGGCGAAGGCGGCCTGCTGGGCTTTAACTGACGCTGAGGCACGAAAGCATGGGG"	"Aut, Aut"	"DESEQ_time, ZIG_time"	"d__Bacteria"	"p__Firmicutes_A"	"c__Clostridia"	"o__unclassified"	"f__unclassified"	"g__unclassified"	"s__unclassified"	"t__unclassified"
"GCGAGCGTTGTCCGGATTTACTGGGTGTAAAGGGTGCGTAGGCGGGATGGCAAGTCAGATGTGAAATACCGGGGCTTAACTCCGGGGCTGCATTTGAAACTGTCGTTCTTGAGTGAAGTAGAGGCAGGCGGAATTCCTAGTGTAGCGGTGAAATGCGTAGATATTAGGAGGAACACCAGTGGCGAAGGCGGCCTGCTGGGCTTTAACTGACGCTGAGGCACGAAAGCATGGGG"	"Aut"	"DESEQ_time"	"d__Bacteria"	"p__Firmicutes_A"	"c__Clostridia"	"o__unclassified"	"f__unclassified"	"g__unclassified"	"s__unclassified"	"t__unclassified"
"GCGAGCGTTGTTCGGATTTATTGGGCGTAAAGGGTCCGCAGGGGGTTGATTAAGTCTGACGTGAAATCCCTGAGCTTAACTCAGGAACTGCGTTGGAGACTGGTTGACTAGAGTGTTGGAGAGGTGATTGGAATTCCAGGTGTAGCGGTGGAATGCGTAGATATCTGGAAGAACATCGAAAGCGAAGGCAGATCACTGGACAATGACTGACCCTCAGGGACGAAAGCATGGGG"	"Aut"	"DESEQ_time"	"d__Bacteria"	"p__unclassified"	"c__unclassified"	"o__unclassified"	"f__unclassified"	"g__unclassified"	"s__unclassified"	"t__unclassified"
"GCTAGCGTTATCCGGATTTACTGGGCGTAAAGGGTGCGTAGGCGGTCTTTTAAGTCAGGAGTGAAAGGCTACGGCTCAACCGTAGTAAGCTCTTGAAACTGGAGGACTTGAGTGCAGGAGAGGAGAGTGGAATTCCTAGTGTAGCGGTGAAATGCGTAGATATTAGGAGGAACACCAGTAGCGAAGGCGGCTCTCTGGACTGTAACTGACGCTGAGGCACGAAAGCGTGGGG"	"c(\"Aut\", \"Aut\", \"Aut\")"	"DESEQ_P1, DESEQ_P2, DESEQ_time"	"d__Bacteria"	"p__Firmicutes_A"	"c__Clostridia"	"o__Peptostreptococcales"	"f__Peptostreptococcaceae"	"g__Intestinibacter"	"s__Intestinibacter__bartlettii"	"t__unclassified"
"t__123373"	"Aut"	"DESEQ_time"	"d__Bacteria"	"p__Firmicutes_A"	"c__Clostridia"	"o__Oscillospirales"	"f__Oscillospiraceae"	"g__Lawsonibacter"	"s__PROV_t__123373"	"t__123373"
"t__150516"	"Aut"	"ZIG_P3"	"d__Bacteria"	"p__Firmicutes"	"c__Bacilli"	"o__Erysipelotrichales"	"f__Erysipelotrichaceae"	"g__Holdemania"	"s__Holdemania__massiliensis"	"t__150516"
"t__154140"	"Aut"	"ZIG_time"	"d__Bacteria"	"p__Firmicutes_A"	"c__Clostridia"	"o__Lachnospirales"	"f__Lachnospiraceae"	"g__Clostridium_M"	"s__PROV_t__154140"	"t__154140"
"t__158681"	"c(\"Aut\", \"Aut\")"	"ZIG_P2, ZIG_P3"	"d__Bacteria"	"p__Firmicutes_A"	"c__Clostridia"	"o__Lachnospirales"	"f__Lachnospiraceae"	"g__Anaerostipes"	"s__Anaerostipes__hadrus"	"t__158681"
"t__160951"	"Aut"	"DESEQ_time"	"d__Bacteria"	"p__Actinobacteriota"	"c__Actinobacteria"	"o__Actinomycetales"	"f__Actinomycetaceae"	"g__PROV_t__160951"	"s__PROV_t__160951"	"t__160951"
"t__180169"	"c(\"Aut\", \"Aut\")"	"DESEQ_P2, DESEQ_time"	"d__Bacteria"	"p__Firmicutes_A"	"c__Clostridia"	"o__Oscillospirales"	"f__Ruminococcaceae"	"g__Neobitarella"	"s__Neobitarella__massiliensis"	"t__180169"
"t__186117"	"c(\"Aut\", \"Aut\")"	"DESEQ_P1, DESEQ_time"	"d__Bacteria"	"p__Firmicutes_A"	"c__Clostridia"	"o__Christensenellales"	"f__PROV_t__125037"	"g__PROV_t__186117"	"s__PROV_t__186117"	"t__186117"
"t__186843"	"c(\"Aut\", \"Aut\"), c(\"Aut\", \"Aut\")"	"DESEQ_P1, DESEQ_time, ZIG_P1, ZIG_time"	"d__Bacteria"	"p__Firmicutes_A"	"c__Clostridia"	"o__Christensenellales"	"f__Christensenellaceae"	"g__PROV_t__186843"	"s__PROV_t__186843"	"t__186843"
"t__194986"	"Aut"	"DESEQ_time"	"d__Bacteria"	"p__Firmicutes_A"	"c__Clostridia"	"o__Peptostreptococcales"	"f__Peptostreptococcaceae"	"g__Romboutsia"	"s__Romboutsia__timonensis"	"t__194986"
"t__195725"	"Aut"	"DESEQ_time"	"d__Bacteria"	"p__Firmicutes_A"	"c__Clostridia"	"o__Lachnospirales"	"f__Lachnospiraceae"	"g__Blautia_A"	"s__PROV_t__195725"	"t__195725"
"t__209626"	"c(\"Aut\", \"Aut\")"	"ZIG_P2, ZIG_time"	"d__Bacteria"	"p__Firmicutes_A"	"c__Clostridia"	"o__Lachnospirales"	"f__Lachnospiraceae"	"g__PROV_t__209626"	"s__PROV_t__209626"	"t__209626"
"t__21615"	"Aut"	"ZIG_time"	"d__Bacteria"	"p__Bacteroidota"	"c__Bacteroidia"	"o__Bacteroidales"	"f__Bacteroidaceae"	"g__Bacteroides_B"	"s__Bacteroides_B__vulgatus"	"t__21615"
"t__238194"	"Aut"	"ZIG_P2"	"d__Bacteria"	"p__Actinobacteriota"	"c__Actinobacteria"	"o__Actinomycetales"	"f__Actinomycetaceae"	"g__Varibaculum"	"s__PROV_t__238194"	"t__238194"
"t__258134"	"Aut"	"DESEQ_time"	"d__Bacteria"	"p__Firmicutes_A"	"c__Clostridia"	"o__Lachnospirales"	"f__Lachnospiraceae"	"g__Ruminococcus_A"	"s__PROV_t__258134"	"t__258134"
"t__258798"	"Aut"	"DESEQ_time"	"d__Bacteria"	"p__Firmicutes_A"	"c__Clostridia"	"o__Oscillospirales"	"f__Acutalibacteraceae"	"g__Anaeromassilibacillus"	"s__PROV_t__258798"	"t__258798"
"t__28462"	"Control"	"ANCOM_time"	"d__Bacteria"	"p__Firmicutes_C"	"c__Negativicutes"	"o__Veillonellales"	"f__Dialisteraceae"	"g__Dialister"	"s__Dialister__invisus"	"t__28462"
"t__42395"	"c(\"Aut\", \"Aut\", \"Aut\")"	"DESEQ_P1, DESEQ_P2, DESEQ_time"	"d__Bacteria"	"p__Firmicutes_C"	"c__Negativicutes"	"o__Acidaminococcales"	"f__Acidaminococcaceae"	"g__Phascolarctobacterium_A"	"s__Phascolarctobacterium_A__succinatutens"	"t__42395"
"t__4989"	"Aut"	"DESEQ_P1"	"d__Bacteria"	"p__Firmicutes_C"	"c__Negativicutes"	"o__Veillonellales"	"f__Dialisteraceae"	"g__Dialister"	"s__PROV_t__4989"	"t__4989"
"t__73700"	"Aut, Aut"	"DESEQ_time, ZIG_time"	"d__Bacteria"	"p__Firmicutes_A"	"c__Clostridia"	"o__Lachnospirales"	"f__Lachnospiraceae"	"g__Lactonifactor"	"s__Lactonifactor__longoviformis"	"t__73700"
"t__92557"	"Aut"	"ZIG_time"	"d__Bacteria"	"p__Firmicutes_A"	"c__Clostridia"	"o__Lachnospirales"	"f__Lachnospiraceae"	"g__Coprococcus_A"	"s__Coprococcus_A__catus"	"t__92557"
"TCAAGCGTTATCCGGATTTATTGGGTTTAAAGGGTGCGTAGGCGGTTTGATAAGTTAGAGGTGAAATCCCGGGGCTTAACTCCGGAACTGCCTCTAATACTGTTAGACTAGAGAGTAGTTGCGGTAGGCGGAATGTATGGTGTAGCGGTGAAATGCTTAGAGATCATACAGAACACCGATTGCGAAGGCAGCTTACCAAACTATATCTGACGTTGAGGCACGAAAGCGTGGGG"	"Aut"	"DESEQ_time"	"d__Bacteria"	"p__Bacteroidota"	"c__Bacteroidia"	"o__Bacteroidales"	"f__Rikenellaceae"	"g__Alistipes"	"s__Alistipes__onderdonkii"	"t__unclassified"
