"rn","deseq_P1_adjp","deseq_P2_adjp","deseq_P3_adjp","deseq_timeseries_adjp","mtgseq_P1_adjp","mtgseq_P2_adjp","mtgseq_P3_adjp","mtgseq_timeseries_adjp","Domain","Phylum","Class","Order","Family","Genus","Species","Strain"
"ACAAGCGTTGTCCGGAATGACTGGGCGTAAAGGGCGCGTAGGCGGTCTATTAAGTCTGATGTGAAAGGTACCGGCTCAACCGGTGAAGTGCATTGGAAACTGGTAGACTTGAGTATTGGAGAGGCAAGTGGAATTCCTAGTGTAGCGGTGAAATGCGTAGATATTAGGAGGAACACCAGTGGCGAAGGCGGCTTGCTGGACAAATACTGACGCTGAGGTGCGAAAGCGTGGGG",NA,NA,NA,0.000392097454132957,NA,0.00919397344610441,0.0117266900565496,0.000149183474642373,"d__Bacteria","p__Firmicutes_A","c__Clostridia","o__Eubacteriales","f__Eubacteriaceae","g__Eubacterium","s__unclassified","t__unclassified"
"ACAAGCGTTGTCCGGAATTACTGGGTGTAAAGGGAGCGCAGGCGGGAAGACAAGTTGGAAGTGAAATCTATGGGCTCAACCCATAAACTGCTTTCAAAACTGTTTTTCTTGAGTAGTGCAGAGGTAGGCGGAATTCCCGGTGTAGCGGTGGAATGCGTAGATATCGGGAGGAACACCAGTGGCGAAGGCGGCCTACTGGGCACCAACTGACGCTGAGGCTCGAAAGTGTGGGT",NA,NA,NA,0.0177591788860163,NA,NA,NA,NA,"d__Bacteria","p__Firmicutes_A","c__Clostridia","o__Oscillospirales","f__Ruminococcaceae","g__Faecalibacterium","s__unclassified","t__unclassified"
"ACAAGCGTTGTCCGGAATTACTGGGTGTAAAGGGAGCGCAGGCGGGAAGACAAGTTGGAAGTGAAATCTATGGGCTTAACCCATAAACTGCTTTCAAAACTGTTTTTCTTGAGTAGTGCAGAGGTAGGCGGAATTCCCGGTGTAGCGGTGGAATGCGTAGATATCGGGAGGAACACCAGTGGCGAAGGCGGCCTACTGGGCACCAACTGACGCTGAGGCTCGAAAGTGTGGGT",NA,NA,NA,5.04952776767582e-08,NA,NA,NA,NA,"d__Bacteria","p__Firmicutes_A","c__Clostridia","o__Oscillospirales","f__Ruminococcaceae","g__Faecalibacterium","s__unclassified","t__unclassified"
"ACAAGCGTTGTCCGGAATTACTGGGTGTAAAGGGAGCGCAGGCGGGAAGGCAAGTTGGAAGTGAAATCCATGGGCTCAACCCATGAACTGCTTTCAAAACTGTTTTTCTTGAGTAGTGCAGAGGTAGGCGGAATTCCCGGTGTAGCGGTGGAATGCGTAGATATCGGGAGGAACACCAGTGGCGAAGGCGGCCTACTGGGCACCAACTGACGCTGAGGCTCGAAAGTGTGGGT",NA,NA,NA,NA,NA,NA,3.39360063707422e-05,NA,"d__Bacteria","p__Firmicutes_A","c__Clostridia","o__Oscillospirales","f__Ruminococcaceae","g__Faecalibacterium","s__Faecalibacterium__prausnitzii_K","t__unclassified"
"ACAAGCGTTGTCCGGAATTACTGGGTGTAAAGGGAGCGCAGGCGGGAGAACAAGTTGGAAGTGAAATCCATGGGCTCAACCCATGAACTGCTTTCAAAACTGTTTTTCTTGAGTAGTGCAGAGGTAGGCGGAATTCCCGGTGTAGCGGTGGAATGCGTAGATATCGGGAGGAACACCAGTGGCGAAGGCGGCCTACTGGGCACCAACTGACGCTGAGGCTCGAAAGTGTGGGT",NA,NA,NA,0.0231653639640005,NA,NA,NA,NA,"d__Bacteria","p__Firmicutes_A","c__Clostridia","o__Oscillospirales","f__Ruminococcaceae","g__Faecalibacterium","s__unclassified","t__unclassified"
"ACAAGCGTTGTCCGGATTTACTGGGTGTAAAGGGCGCGTAGGCGGACTGTCAAGTCAGTCGTGAAATACCGGGGCTTAACCCCGGGGCTGCGATTGAAACTGACAGCCTTGAGTATCGGAGAGGAAAGCGGAATTCCTAGTGTAGCGGTGAAATGCGTAGATATTAGGAGGAACACCAGTGGCGAAGGCGGCTTTCTGGACGACAACTGACGCTGAGGCGCGAAAGTGTGGGG",NA,0.0242279402166984,0.0242279402166984,2.80473257666425e-06,NA,NA,NA,NA,"d__Bacteria","p__Firmicutes_A","c__Clostridia","o__unclassified","f__unclassified","g__unclassified","s__unclassified","t__unclassified"
"CCGAGCGTTATCCGGATTTATTGGGTTTAAAGGGAGCGTAGATGGATGTTTAAGTCAGTTGTGAAAGTTTGCGGCTCAACCGTAAAATTGCAGTTGATACTGGATGTCTTGAGTGCAGTTGAGGCAGGCGGAATTCGTGGTGTAGCGGTGAAATGCTTAGATATCACGAAGAACTCCGATTGCGAAGGCAGCCTGCTAAGCTGCAACTGACATTGAGGCTCGAAAGTGTGGGT",NA,NA,NA,0.0154185126171136,NA,NA,NA,NA,"d__Bacteria","p__Bacteroidota","c__Bacteroidia","o__Bacteroidales","f__Bacteroidaceae","g__Bacteroides_B","s__unclassified","t__unclassified"
"CCGAGCGTTATCCGGATTTATTGGGTTTAAAGGGAGCGTAGGCGGATTATTAAGTCAGTTGTGAAAGTTTGCGGCTCAACCGTAAAATTGCAGTTGATACTGGTAGTCTTGAGTGCAGCAGAGGTAGGCGGAATTCGTGGTGTAGCGGTGAAATGCTTAGATATCACGAAGAACTCCGATTGCGAAGGCAGCTTACTGGACTGTAACTGACGCTGATGCTCGAAAGTGTGGGT",NA,NA,NA,0.00156095500714398,NA,NA,NA,NA,"d__Bacteria","p__Bacteroidota","c__Bacteroidia","o__Bacteroidales","f__Bacteroidaceae","g__Bacteroides","s__Bacteroides__intestinalis","t__unclassified"
"CCGAGCGTTATCCGGATTTATTGGGTTTAAAGGGAGCGTAGGTGGACAGTTAAGTCAGTTGTGAAAGTTTGCGGCTCAACCGTAAAATTGCAGTTGATACTGGCTGTCTTGAGTACAGTAGAGGTGGGCGGAATTCGTGGTGTAGCGGTGAAATGCTTAGATATCACGAAGAACTCCGATTGCGAAGGCAGCTCACTGGACTGCAACTGACACTGATGCTCGAAAGTGTGGGT",0.00184744292501091,NA,NA,3.43092890461477e-05,NA,0.0277257643454272,NA,0.0353515201117244,"d__Bacteria","p__Bacteroidota","c__Bacteroidia","o__Bacteroidales","f__Bacteroidaceae","g__Bacteroides","s__Bacteroides__thetaiotaomicron","t__unclassified"
"CCGAGCGTTATCCGGATTTATTGGGTTTAAAGGGAGCGTAGGTGGATTGTTAAGTCAGTTGTGAAAGTTTGCGGCTCAACCGTAAAATTGCAGTTGAAACTGGCAGTCTTGAGTACAGTAGAGGTGGGCGGAATTCGTGGTGTAGCGGTGAAATGCTTAGATATCACGAAGAACTCCGATTGCGAAGGCAGCTCACTAGACTGCAACTGACACTGATGCTCGAAAGTGTGGGT",NA,NA,NA,0.0148039508664541,NA,NA,NA,0.0132594952985773,"d__Bacteria","p__Bacteroidota","c__Bacteroidia","o__Bacteroidales","f__Bacteroidaceae","g__Bacteroides","s__unclassified","t__unclassified"
"CCGAGCGTTATCCGGATTTATTGGGTTTAAAGGGAGCGTAGGTGGATTGTTAAGTCAGTTGTGAAAGTTTGCGGCTCAACCGTAAAATTGCAGTTGAAACTGGCAGTCTTGAGTACAGTAGAGGTGGGCGGAATTCGTGGTGTAGCGGTGAAATGCTTAGATATCACGAAGAACTCCGATTGCGAAGGCAGCTCACTAGACTGTCACTGACACTGATGCTCGAAAGTGTGGGT",NA,NA,NA,0.00158614518861529,NA,NA,NA,NA,"d__Bacteria","p__Bacteroidota","c__Bacteroidia","o__Bacteroidales","f__Bacteroidaceae","g__Bacteroides","s__Bacteroides__ovatus","t__unclassified"
"CCGAGCGTTATCCGGATTTATTGGGTTTAAAGGGAGCGTAGGTGGATTGTTAAGTCAGTTGTGAAAGTTTGCGGCTCAACCGTAAAATTGCAGTTGAAACTGGCAGTCTTGAGTACAGTAGAGGTGGGCGGAATTCGTGGTGTAGCGGTGAAATGCTTAGATATCACGAAGAACTCCGATTGCGAAGGCAGCTCACTAGACTGTTACTGACACTGATGCTCGAAAGTGTGGGT",NA,NA,NA,0.00333226042459471,NA,NA,NA,NA,"d__Bacteria","p__Bacteroidota","c__Bacteroidia","o__Bacteroidales","f__Bacteroidaceae","g__Bacteroides","s__Bacteroides__ovatus","t__unclassified"
"CCGAGCGTTATCCGGATTTATTGGGTTTAAAGGGAGCGTAGGTGGATTGTTAAGTCAGTTGTGAAAGTTTGCGGCTCAACCGTAAAATTGCAGTTGAAACTGGGAGTCTTGAGTACAGTAGAGGTGGGCGGAATTCGTGGTGTAGCGGTGAAATGCTTAGATATCACGAAGAACTCCGATTGCGAAGGCAGCTCACTAGACTGTCACTGACACTGATGCTCGAAAGTGTGGGT",NA,NA,NA,0.0157134064971572,NA,NA,NA,NA,"d__Bacteria","p__Bacteroidota","c__Bacteroidia","o__Bacteroidales","f__Bacteroidaceae","g__Bacteroides","s__Bacteroides__ovatus","t__unclassified"
"CCGAGCGTTATCCGGATTTATTGGGTTTAAAGGGAGCGTAGGTGGATTGTTAAGTCAGTTGTGAAAGTTTGCGGCTCAACCGTAAAATTGCAGTTGAAACTGGTAGTCTTGAGTACAGTAGAGGTGGGCGGAATTCGTGGTGTAGCGGTGAAATGCTTAGATATCACGAAGAACTCCGATTGCGAAGGCAGCTCACTAGACTGTTACTGACACTGATGCTCGAAAGTGTGGGT",NA,8.62863746326848e-16,8.62863746326848e-16,NA,NA,NA,NA,NA,"d__Bacteria","p__Bacteroidota","c__Bacteroidia","o__Bacteroidales","f__Bacteroidaceae","g__Bacteroides","s__Bacteroides__ovatus","t__unclassified"
"CCGAGCGTTATCCGGATTTATTGGGTTTAAAGGGTGCGTAGGCGGTTTGATAAGTTAGAGGTGAAAGCTCGATGCTCAACATCGAAATTGCCTCTGATACTGTCAGACTAGAGTGTAGTTGCGGAAGGCGGAATGTGTGGTGTAGCGGTGAAATGCTTAGATATCACACAGAACACCGATTGCGAAGGCAGCTTTCCAAGCTATTACTGACGCTGAGGCACGAAAGCGTGGGT",NA,NA,NA,0.00409080580734373,NA,NA,1.46613006033412e-06,NA,"d__Bacteria","p__Bacteroidota","c__Bacteroidia","o__Bacteroidales","f__Rikenellaceae","g__Alistipes_A","s__PROV_t__221653","t__unclassified"
"CCGAGCGTTGTCCGGATTTATTGGGCGTAAAGCGAGCGCAGGCGGTTAGATAAGTCTGAAGTTAAAGGCTGTGGCTTAACCATAGTACGCTTTGGAAACTGTTTAACTTGAGTGCAAGAGGGGAGAGTGGAATTCCATGTGTAGCGGTGAAATGCGTAGATATATGGAGGAACACCGGTGGCGAAAGCGGCTCTCTGGCTTGTAACTGACGCTGAGGCTCGAAAGCGTGGGG",NA,NA,NA,NA,0.00311916533736577,NA,NA,NA,"d__Bacteria","p__Firmicutes","c__Bacilli","o__Lactobacillales","f__Streptococcaceae","g__Streptococcus","s__unclassified","t__unclassified"
"CCGAGCGTTGTCCGGATTTATTGGGCGTAAAGCGAGCGCAGGCGGTTTGATAAGTCTGAAGTTAAAGGCTGTGGCTCAACCATAGTTCGCTTTGGAAACTGTCAAACTTGAGTGCAGAAGGGGAGAGTGGAATTCCATGTGTAGCGGTGAAATGCGTAGATATATGGAGGAACACCGGTGGCGAAAGCGGCTCTCTGGTCTGTAACTGACGCTGAGGCTCGAAAGCGTGGGG",NA,NA,NA,NA,NA,NA,0.0298773841622828,0.00115923362281036,"d__Bacteria","p__Firmicutes","c__Bacilli","o__Lactobacillales","f__Streptococcaceae","g__Streptococcus","s__unclassified","t__unclassified"
"CCGAGCGTTGTCCGGATTTATTGGGCGTAAAGCGAGCGCAGGTGGTTTATTAAGTCTGGTGTAAAAGGCAGTGGCTCAACCATTGTATGCATTGGAAACTGGTAGACTTGAGTGCAGGAGAGGAGAGTGGAATTCCATGTGTAGCGGTGAAATGCGTAGATATATGGAGGAACACCGGTGGCGAAAGCGGCTCTCTGGCCTGTAACTGACACTGAGGCTCGAAAGCGTGGGG",NA,NA,NA,NA,NA,NA,NA,0.0271018949106139,"d__Bacteria","p__Firmicutes","c__Bacilli","o__Lactobacillales","f__Streptococcaceae","g__Lactococcus","s__unclassified","t__unclassified"
"CCGAGCGTTGTCCGGATTTATTGGGCGTAAAGGGAGCGCAGGCGGTCAGGAAAGTCTGGAGTAAAAGGCTATGGCTCAACCATAGTGTGCTCTGGAAACTGTCTGACTTGAGTGCAGAAGGGGAGAGTGGAATTCCATGTGTAGCGGTGAAATGCGTAGATATATGGAGGAACACCAGTGGCGAAAGCGGCTCTCTGGTCTGTCACTGACGCTGAGGCTCGAAAGCGTGGGT",NA,NA,NA,0.0151256565343266,NA,NA,NA,NA,"d__Bacteria","p__Firmicutes","c__Bacilli","o__Lactobacillales","f__Streptococcaceae","g__Streptococcus","s__Streptococcus__mutans","t__unclassified"
"CCGGGCGTTATCCGGATTTATTGGGTTTAAAGGGAGCGTAGGCCGGAGATTAAGCGTGTTGTGAAATGTAGACGCTCAACGTCTGCACTGCAGCGCGAACTGGTTTCCTTGAGTACGCACAAAGTGGGCGGAATTCGTGGTGTAGCGGTGAAATGCTTAGATATCACGAAGAACTCCGATTGCGAAGGCAGCTCACTGGAGCGCAACTGACGCTGAAGCTCGAAAGTGCGGGT",NA,NA,NA,NA,0.00254891067609952,NA,NA,NA,"d__Bacteria","p__Bacteroidota","c__Bacteroidia","o__Bacteroidales","f__Bacteroidaceae","g__Prevotella","s__Prevotella__copri","t__unclassified"
"CCGGGCGTTATCCGGATTTATTGGGTTTAAAGGGAGCGTAGGCCGGAGATTAAGCGTGTTGTGAAATGTAGATGCTCAACATCTGCACTGCAGCGCGAACTGGTTTCCTTGAGTACGCACAAAGTGGGCGGAATTCGTGGTGTAGCGGTGAAATGCTTAGATATCACGAAGAACTCCGATTGCGAAGGCAGCTCACTGGAGCGCAACTGACGCTGAAGCTCGAAAGTGCGGGT",NA,6.80201286586323e-19,6.80201286586323e-19,NA,NA,NA,NA,NA,"d__Bacteria","p__unclassified","c__unclassified","o__unclassified","f__unclassified","g__unclassified","s__unclassified","t__unclassified"
"GCAAGCGTTAATCGGAATTACTGGGCGTAAAGCGCACGCAGGCGGTTTGTTAAGTCAGATGTGAAATCCCCGGGCTCAACCTGGGAACTGCATCTGATACTGGCAAGCTTGAGTCTCGTAGAGGGGGGTAGAATTCCAGGTGTAGCGGTGAAATGCGTAGAGATCTGGAGGAATACCGGTGGCGAAGGCGGCCCCCTGGACGAAGACTGACGCTCAGGTGCGAAAGCGTGGGG",NA,NA,NA,0.0151256565343266,NA,0.00412526896024002,NA,NA,"d__Bacteria","p__Proteobacteria","c__Gammaproteobacteria","o__Enterobacterales","f__Enterobacteriaceae","g__Escherichia","s__unclassified","t__unclassified"
"GCAAGCGTTATCCGGAATCATTGGGCGTAAAGGGTGCGTAGGTGGCGTACTAAGTCTGTAGTAAAAGGCAATGGCTCAACCATTGTAAGCTATGGAAACTGGTATGCTGGAGTGCAGAAGAGGGCGATGGAATTCCATGTGTAGCGGTAAAATGCGTAGATATATGGAGGAACACCAGTGGCGAAGGCGGTCGCCTGGTCTGTAACTGACACTGAGGCACGAAAGCGTGGGG",0.00421958591479842,NA,NA,NA,NA,NA,NA,NA,"d__Bacteria","p__Firmicutes","c__Bacilli","o__Erysipelotrichales","f__Erysipelotrichaceae","g__Absiella","s__Absiella__innocuum","t__unclassified"
"GCAAGCGTTATCCGGAATGACTGGGCGTAAAGGGTGCGTAGGTGGTTTGTCAAGTTGGCAGCGTAATTCCGTGGCTCAACCGCGGAACTACTGCCAAAACTGATAGGCTTGAGTGCGGCAGGGGTATGTGGAATTCCTAGTGTAGCGGTGGAATGCGTAGATATTAGGAGGAACACCGGTGGCGAAAGCGACATACTGGGCCGTAACTGACACTGAAGCACGAAAGCGTGGGG",NA,NA,NA,NA,NA,NA,0.0469537570645773,NA,"d__Bacteria","p__Firmicutes_A","c__unclassified","o__unclassified","f__unclassified","g__unclassified","s__unclassified","t__unclassified"
"GCAAGCGTTATCCGGAATGACTGGGCGTAAAGGGTGCGTAGGTGGTTTGTCAAGTTGGCAGCGTAATTCCGTGGCTTAACCGCGGAACTACTGCCAAAACTGATAGGCTTGAGTGCGGCAGGGGTATGTGGAATTCCTAGTGTAGCGGTGGAATGCGTAGATATTAGGAGGAACACCGGTGGCGAAAGCGACATACTGGGCCGTAACTGACACTGAAGCACGAAAGCGTGGGG",NA,NA,NA,NA,0.00728744272307734,NA,NA,NA,"d__Bacteria","p__Firmicutes_A","c__Clostridia","o__unclassified","f__unclassified","g__unclassified","s__unclassified","t__unclassified"
"GCAAGCGTTATCCGGAATTACTGGGTGTAAAGGGAGAGTAGGCGGCATGGTAAGTTAGATGTGAAAGCCTCGGGCTTAACCTGAGGATTGCATTTAAAACTATCAAGCTAGAGTACAGGAGAGGAAAGCGGAATTCCTAGTGTAGCGGTGAAATGCGTAGATATTAGGAAGAACACCAGTGGCGAAGGCGGCTTTCTGGACTGAAACTGACGCTGAGGCTCGAAAGCGTGGGG",NA,NA,NA,NA,NA,NA,0.000165947623606684,NA,"d__Bacteria","p__Firmicutes_A","c__Clostridia","o__Lachnospirales","f__Anaerotignaceae","g__Anaerotignum","s__unclassified","t__unclassified"
"GCAAGCGTTATCCGGAATTACTGGGTGTAAAGGGAGCGTAGGCGGCATGGTAAGCCAGATGTGAAAGCCTTGGGCTTAACCCGAGGATTGCATTTGGAACTATCAAGCTAGAGTACAGGAGAGGAAAGCGGAATTCCTAGTGTAGCGGTGAAATGCGTAGATATTAGGAAGAACACCAGTGGCGAAGGCGGCTTTCTGGACTGAAACTGACGCTGAGGCTCGAAAGCGTGGGG",NA,NA,NA,0.0470661027860154,NA,NA,NA,NA,"d__Bacteria","p__Firmicutes_A","c__Clostridia","o__Lachnospirales","f__Anaerotignaceae","g__Anaerotignum","s__Anaerotignum__lactatifermentans","t__unclassified"
"GCAAGCGTTATCCGGAATTACTGGGTGTAAAGGGTGAGTAGGCGGCATGGCAAGTAAGATGTGAAAGCCCGAGGCTTAACCTCGGGATTGCATTTTAAACTGCTAAGCTAGAGTACAGGAGAGGAAAGCGGAATTCCTAGTGTAGCGGTGAAATGCGTAGATATTAGGAAGAACACCAGTGGCGAAGGCGGCTTTCTGGACTGGAAACTGACGCTGAGGCACGAAAGCGTGGGG",NA,NA,NA,NA,NA,NA,0.0347992213302934,NA,"d__Bacteria","p__Firmicutes_A","c__Clostridia","o__Lachnospirales","f__Anaerotignaceae","g__Anaerotignum","s__unclassified","t__unclassified"
"GCAAGCGTTATCCGGAATTACTGGGTGTAAAGGGTGCGTAGGTGGCATGGTAAGTCAGAAGTGAAAGCCCGGGGCTTAACCCCGGGACTGCTTTTGAAACTGTCATGCTGGAGTGCAGGAGAGGTAAGCGGAATTCCTAGTGTAGCGGTGAAATGCGTAGATATTAGGAGGAACACCAGTGGCGAAGGCGGCTTACTGGACTGTCACTGACACTGATGCACGAAAGCGTGGGG",NA,0.0127248058036926,0.0127248058036926,0.0100522895889724,NA,NA,NA,NA,"d__Bacteria","p__Firmicutes_A","c__Clostridia","o__Lachnospirales","f__Lachnospiraceae","g__Anaerostipes","s__unclassified","t__unclassified"
"GCAAGCGTTATCCGGAATTACTGGGTGTAAAGGGTGCGTAGGTGGTATGGCAAGTCAGAAGTGAAAACCCAGGGCTTAACTCTGGGACTGCTTTTGAAACTGTCAGACTAGAGTGCAGGAGAGGTAAGCGGAATTCCTAGTGTAGCGGTGAAATGCGTAGATATTAGGAGGAACATCAGTGGCGAAGGCGGCTTACTGGACTGAAACTGACACTGAGGCACGAAAGCGTGGGG",NA,NA,NA,0.0127631360507844,NA,0.022585702601828,NA,NA,"d__Bacteria","p__Firmicutes_A","c__Clostridia","o__Lachnospirales","f__Lachnospiraceae","g__Anaerostipes","s__Anaerostipes__hadrus","t__unclassified"
"GCAAGCGTTATCCGGAATTACTGGGTGTAAAGGGTGCGTAGGTGGTATGGCAAGTCAGAAGTGAAAACCCAGGGCTTAACTCTGGGACTGCTTTTGAAACTGTCAGACTGGAGTGCAGGAGAGGTAAGCGGAATTCCTAGTGTAGCGGTGAAATGCGTAGATATTAGGAGGAACATCAGTGGCGAAGGCGGCTTACTGGACTGAAACTGACACTGAGGCACGAAAGCGTGGGG",NA,NA,NA,0.00369746465145167,NA,NA,NA,NA,"d__Bacteria","p__Firmicutes_A","c__Clostridia","o__Lachnospirales","f__Lachnospiraceae","g__Anaerostipes","s__Anaerostipes__hadrus","t__unclassified"
"GCAAGCGTTATCCGGAATTATTGGGCGTAAAGAGGGAGCAGGCGGCAGCAAGGGTCTGTGGTGAAAGCCTGAAGCTTAACTTCAGTAAGCCATAGAAACCAGGCAGCTAGAGTGCAGGAGAGGATCGTGGAATTCCATGTGTAGCGGTGAAATGCGTAGATATATGGAGGAACACCAGTGGCGAAGGCGACGATCTGGCCTGCAACTGACGCTCAGTCCCGAAAGCGTGGGG",NA,0.0261584024333642,0.0261584024333642,NA,NA,NA,NA,NA,"d__Bacteria","p__Firmicutes","c__Bacilli","o__Erysipelotrichales","f__Erysipelatoclostridiaceae","g__Erysipelatoclostridium","s__Erysipelatoclostridium__ramosum","t__unclassified"
"GCAAGCGTTATCCGGAATTATTGGGCGTAAAGGGTGCGTAGGCGGCGAGATAAGTCTGAGGTAAAAGCCCGTGGCTCAACCACGGTAAGCCTTGGAAACTGTCTGGCTGGAGTGCAGGAGAGGACAATGGAATTCCATGTGTAGCGGTAAAATGCGTAGATATATGGAGGAACACCAGTGGCGAAGGCGGTTGTCTGGCCTGTAACTGACGCTGAAGCACGAAAGCGTGGGG",0.00274053671628792,NA,NA,NA,NA,NA,NA,0.0259701541424537,"d__Bacteria","p__Firmicutes","c__Bacilli","o__Erysipelotrichales","f__Erysipelotrichaceae","g__Dielma","s__Dielma__fastidiosa","t__unclassified"
"GCAAGCGTTATCCGGATTTACTGGGTGTAAAGGGAGCGCAGGCGGGACTGCAAGTTGGATGTGAAATACCGTGGCTTAACCACGGAACTGCATCCAAAACTGTAGTTCTTGAGTGAAGTAGAGGCAAGCGGAATTCCGAGTGTAGCGGTGAAATGCGTAGATATTCGGAGGAACACCAGTGGCGAAGGCGGCTTGCTGGGCTTTAACTGACGCTGAGGCTCGAAAGTGTGGGG",0.00274053671628792,NA,NA,0.01953676635545,NA,NA,0.000425041644957875,1.86236382955031e-16,"d__Bacteria","p__Firmicutes_A","c__Clostridia","o__Oscillospirales","f__unclassified","g__unclassified","s__unclassified","t__unclassified"
"GCAAGCGTTATCCGGATTTACTGGGTGTAAAGGGAGCGCAGGTGGTATGGCAAGTCAGAAGTGAAAACCCGAGGCTCAACCACGGGATTGCTTTTGAAACTGTTAAACTAGAGTGCAGGAGGGGCAGGCGGAATTCCTGGTGTAGCGGTGAAATGCGTAGATATCAGGAGGAACACCGGTGGCGAAGGCGGCCTGCTGGACTGTAACTGACACTGAGGCTCGAAAGCGTGGGG",NA,NA,NA,0.0255403734250874,NA,NA,NA,NA,"d__Bacteria","p__Firmicutes_A","c__Clostridia","o__Lachnospirales","f__Lachnospiraceae","g__unclassified","s__unclassified","t__unclassified"
"GCAAGCGTTATCCGGATTTACTGGGTGTAAAGGGAGCGTAGACGGAAGAGCAAGTCTGATGTGAAAGGCTGGGGCTTAACCCCAGGACTGCATTGGAAACTGTTTTTCTAGAGTGCCGGAGAGGTAAGCGGAATTCCTAGTGTAGCGGTGAAATGCGTAGATATTAGGAGGAACACCAGTGGCGAAGGCGGCTTACTGGACGGTAACTGACGTTGAGGCTCGAAAGCGTGGGG",NA,NA,NA,0.00224846233045114,NA,0.00894459360656063,NA,0.0080505931239646,"d__Bacteria","p__Firmicutes_A","c__Clostridia","o__Lachnospirales","f__Lachnospiraceae","g__Blautia","s__unclassified","t__unclassified"
"GCAAGCGTTATCCGGATTTACTGGGTGTAAAGGGAGCGTAGACGGACTGGCAAGTCTGATGTGAAAACCCGGGGCTCAACCCCGGGACTGCATTGGAAACTGTCAGTCTAGAGTGTCGGAGGGGTAAGTGGAATTCCTAGTGTAGCGGTGAAATGCGTAGATATTAGGAGGAACACCAGTGGCGAAGGCGGCTTACTGGACGATAACTGACGTTGAGGCTCGAAAGCGTGGGG",NA,NA,NA,0.0100382713109835,NA,NA,NA,NA,"d__Bacteria","p__Firmicutes_A","c__Clostridia","o__Lachnospirales","f__unclassified","g__unclassified","s__unclassified","t__unclassified"
"GCAAGCGTTATCCGGATTTACTGGGTGTAAAGGGAGCGTAGACGGACTGGCAAGTCTGATGTGAAAGGCGGGGGCTCAACCCCTGGACTGCATTGGAAACTGTTAGTCTTGAGTGCCGGAGAGGTAAGCGGAATTCCTAGTGTAGCGGTGAAATGCGTAGATATTAGGAGGAACACCAGTGGCGAAGGCGGCTTACTGGACGGTAACTGACGTTGAGGCTCGAAAGCGTGGGG",NA,NA,NA,0.00445511737098834,NA,NA,NA,0.0193625414583617,"d__Bacteria","p__Firmicutes_A","c__Clostridia","o__Lachnospirales","f__Lachnospiraceae","g__Blautia_A","s__unclassified","t__unclassified"
"GCAAGCGTTATCCGGATTTACTGGGTGTAAAGGGAGCGTAGACGGATGGGCAAGTCTGATGTGAAAACCCGGGGCTCAACCCCGGGACTGCATTGGAAACTGTTCATCTAGAGTGCTGGAGAGGTAAGTGGAATTCCTAGTGTAGCGGTGAAATGCGTAGATATTAGGAGGAACACCAGTGGCGAAGGCGGCTTACTGGACAGTAACTGACGTTGAGGCTCGAAAGCGTGGGG",NA,NA,NA,0.000408504457750882,NA,NA,NA,NA,"d__Bacteria","p__Firmicutes_A","c__Clostridia","o__Lachnospirales","f__Lachnospiraceae","g__Faecalicatena","s__Faecalicatena__torques","t__unclassified"
"GCAAGCGTTATCCGGATTTACTGGGTGTAAAGGGAGCGTAGACGGCAAGGCAAGTCTGAAGTGAAAGCCCGGTGCTTAACGCCGGGACTGCTTTGGAAACTGTTTGGCTGGAGTGCCGGAGAGGTAAGCGGAATTCCTAGTGTAGCGGTGAAATGCGTAGATATTAGGAAGAACACCAGTGGCGAAGGCGGCTTACTGGACGGTAACTGACGTTGAGGCTCGAAAGCGTGGGG",NA,NA,NA,0.0250405805146803,NA,NA,NA,NA,"d__Bacteria","p__Firmicutes_A","c__Clostridia","o__Lachnospirales","f__Lachnospiraceae","g__unclassified","s__unclassified","t__unclassified"
"GCAAGCGTTATCCGGATTTACTGGGTGTAAAGGGAGCGTAGACGGCAAGGCAAGTCTGATGTGAAAACCCAGGGCTTAACCCTGGGACTGCATTGGAAACTGTCTGGCTCGAGTGCCGGAGAGGTAAGCGGAATTCCTAGTGTAGCGGTGAAATGCGTAGATATTAGGAAGAACACCAGTGGCGAAGGCGGCTTACTGGACGGTAACTGACGTTGAGGCTCGAAAGCGTGGGG",NA,NA,NA,0.0171491407639233,NA,NA,NA,NA,"d__Bacteria","p__Firmicutes_A","c__Clostridia","o__Lachnospirales","f__Lachnospiraceae","g__Fusicatenibacter","s__Fusicatenibacter__saccharivorans","t__unclassified"
"GCAAGCGTTATCCGGATTTACTGGGTGTAAAGGGAGCGTAGACGGCATGACAAGCCAGATGTGAAAACCCAGGGCTCAACCCTGGGACTGCATTTGGAACTGCCAGGCTGGAGTGCAGGAGAGGTAAGCGGAATTCCTAGTGTAGCGGTGAAATGCGTAGATATTAGGAGGAACACCAGTGGCGAAGGCGGCTTACTGGACTGTAACTGACGTTGAGGCTCGAAAGCGTGGGG",NA,NA,NA,0.0178024326570259,NA,NA,NA,NA,"d__Bacteria","p__Firmicutes_A","c__Clostridia","o__Lachnospirales","f__Lachnospiraceae","g__Eisenbergiella","s__Eisenbergiella__massiliensis","t__unclassified"
"GCAAGCGTTATCCGGATTTACTGGGTGTAAAGGGAGCGTAGACGGCATGGCAAGCCAGATGTGAAAACCCAGGGCTCAACCTTGGGATTGCATTTGGAACTGCCAGGCTGGAGTGCAGGAGAGGTAAGCGGAATTCCTAGTGTAGCGGTGAAATGCGTAGATATTAGGAGGAACACCAGTGGCGAAGGCGGCTTACTGGACTGTAACTGACGTTGAGGCTCGAAAGCGTGGGG",0.0051980164113648,NA,NA,0.00339630693599862,NA,NA,0.000157541404550236,1.83742590166058e-06,"d__Bacteria","p__Firmicutes_A","c__Clostridia","o__Lachnospirales","f__Lachnospiraceae","g__Eisenbergiella","s__Eisenbergiella__tayi","t__unclassified"
"GCAAGCGTTATCCGGATTTACTGGGTGTAAAGGGAGCGTAGACGGCATGGCAAGCCAGATGTGAAAGCCCGGGGCTCAACCCCGGGACTGCATTTGGAACTGTCAGGCTAGAGTGTCGGAGAGGAAAGCGGAATTCCTAGTGTAGCGGTGAAATGCGTAGATATTAGGAGGAACACCAGTGGCGAAGGCGGCTTTCTGGACGGTGACTGACGTTGAGGCTCGAAAGCGTGGGG",NA,NA,NA,NA,NA,NA,NA,2.88512135424422e-05,"d__Bacteria","p__Firmicutes_A","c__Clostridia","o__Lachnospirales","f__Lachnospiraceae","g__Faecalicatena","s__Faecalicatena__gnavus","t__unclassified"
"GCAAGCGTTATCCGGATTTACTGGGTGTAAAGGGAGCGTAGACGGCATGGCAAGTCTGAAGTGAAAACCCAGGGCTCAACCCTGGGACTGCTTTGGAAACTGTCAAGCTAGAGTGCAGGAGAGGTAAGTGGAATTCCTAGTGTAGCGGTGAAATGCGTAGATATTAGGAGGAACACCAGTGGCGAAGGCGGCTTACTGGACTGTAACTGACGTTGAGGCTCGAAAGCGTGGGG",NA,0.038594559593271,0.038594559593271,0.000392097454132957,0.00320882885888518,NA,NA,NA,"d__Bacteria","p__Firmicutes_A","c__Clostridia","o__Lachnospirales","f__Lachnospiraceae","g__Clostridium_M","s__Clostridium_M__asparagiforme","t__unclassified"
"GCAAGCGTTATCCGGATTTACTGGGTGTAAAGGGAGCGTAGACGGCATGGCAAGTCTGAAGTGAAAGCCCGGGGCTCAACCCCGGGACTGCTTTGGAAACTGTCAGGCTAGAGTGCTGGAGAGGTAAGTGGAATTCCTAGTGTAGCGGTGAAATGCGTAGATATTAGGAGGAACACCAGTGGCGAAGGCGGCTTACTGGACAGTGACTGACGTTGAGGCTCGAAAGCGTGGGG",NA,NA,NA,0.00369746465145167,NA,NA,NA,NA,"d__Bacteria","p__Firmicutes_A","c__Clostridia","o__Lachnospirales","f__Lachnospiraceae","g__unclassified","s__unclassified","t__unclassified"
"GCAAGCGTTATCCGGATTTACTGGGTGTAAAGGGAGCGTAGACGGCGAAGCAAGTCTGAAGTGAAAACCCAGGGCTCAACCCTGGGACTGCTTTGGAAACTGTTTTGCTAGAGTGTCGGAGAGGTAAGTGGAATTCCTAGTGTAGCGGTGAAATGCGTAGATATTAGGAGGAACACCAGTGGCGAAGGCGGCTTACTGGACGATAACTGACGTTGAGGCTCGAAAGCGTGGGG",NA,NA,NA,0.00269630121400804,NA,0.0402162277073968,NA,NA,"d__Bacteria","p__Firmicutes_A","c__Clostridia","o__Lachnospirales","f__Lachnospiraceae","g__Clostridium_M","s__unclassified","t__unclassified"
"GCAAGCGTTATCCGGATTTACTGGGTGTAAAGGGAGCGTAGACGGCGACGCAAGTCTGAAGTGAAATACCCGGGCTCAACCTGGGAACTGCTTTGGAAACTGTGTTGCTAGAGTGCTGGAGAGGTAAGCGGAATTCCTAGTGTAGCGGTGAAATGCGTAGATATTAGGAAGAACACCAGTGGCGAAGGCGGCTTACTGGACAGTAACTGACGTTGAGGCTCGAAAGCGTGGGG",0.0322967983105574,NA,NA,0.0213990741576188,NA,NA,NA,NA,"d__Bacteria","p__Firmicutes_A","c__Clostridia","o__Lachnospirales","f__Lachnospiraceae","g__unclassified","s__unclassified","t__unclassified"
"GCAAGCGTTATCCGGATTTACTGGGTGTAAAGGGAGCGTAGACGGCGATGCAAGCCAGATGTGAAAGCCCGGGGCTCAACCCCGGGACTGCATTTGGAACTGCGTGGCTGGAGTGTCGGAGAGGCAGGCGGAATTCCTAGTGTAGCGGTGAAATGCGTAGATATTAGGAGGAACACCAGTGGCGAAGGCGGCCTGCTGGACGATGACTGACGTTGAGGCTCGAAAGCGTGGGG",NA,NA,NA,0.00112421744020135,NA,NA,NA,NA,"d__Bacteria","p__Firmicutes_A","c__Clostridia","o__Lachnospirales","f__Lachnospiraceae","g__Dorea","s__Dorea__scindens","t__unclassified"
"GCAAGCGTTATCCGGATTTACTGGGTGTAAAGGGAGCGTAGACGGCTGTGCAAGTCTGAAGTGAAAGGCATGGGCTCAACCTGTGGACTGCTTTGGAAACTGTGCAGCTAGAGTGTCGGAGAGGTAAGTGGAATTCCTAGTGTAGCGGTGAAATGCGTAGATATTAGGAGGAACACCAGTGGCGAAGGCGGCTTACTGGACGATGACTGACGTTGAGGCTCGAAAGCGTGGGG",NA,NA,NA,0.035697706117704,NA,NA,NA,NA,"d__Bacteria","p__Firmicutes_A","c__Clostridia","o__Lachnospirales","f__Lachnospiraceae","g__Dorea","s__Dorea__formicigenerans","t__unclassified"
"GCAAGCGTTATCCGGATTTACTGGGTGTAAAGGGAGCGTAGACGGTAAAGCAAGTCTGAAGTGAAAGCCCGCGGCTCAACTGCGGGACTGCTTTGGAAACTGTTTAACTGGAGTGTCGGAGAGGTAAGTGGAATTCCTAGTGTAGCGGTGAAATGCGTAGATATTAGGAGGAACACCAGTGGCGAAGGCGACTTACTGGACGATAACTGACGTTGAGGCTCGAAAGCGTGGGG",0.0192778611859642,0.0195720702368141,0.0195720702368141,2.38979261059295e-06,NA,NA,NA,NA,"d__Bacteria","p__Firmicutes_A","c__Clostridia","o__Lachnospirales","f__Lachnospiraceae","g__Clostridium_Q","s__Clostridium_Q__symbiosum","t__unclassified"
"GCAAGCGTTATCCGGATTTACTGGGTGTAAAGGGAGCGTAGACGGTGTGGCAAGTCTGATGTGAAAGGCATGGGCTCAACCTGTGGACTGCATTGGAAACTGTCATACTTGAGTGCCGGAGGGGTAAGCGGAATTCCTAGTGTAGCGGTGAAATGCGTAGATATTAGGAGGAACACCAGTGGCGAAGGCGGCTTACTGGACGGTAACTGACGTTGAGGCTCGAAAGCGTGGGG",NA,NA,NA,NA,0.00829337141865939,NA,NA,0.000325940517915951,"d__Bacteria","p__Firmicutes_A","c__Clostridia","o__Lachnospirales","f__Lachnospiraceae","g__Blautia_A","s__Blautia_A__wexlerae","t__unclassified"
"GCAAGCGTTATCCGGATTTACTGGGTGTAAAGGGAGCGTAGACGGTTAAGCAAGTCTGAAGTGAAAGCCCGGGGCTCAACCCCGGTACTGCTTTGGAAACTGTTTGACTTGAGTGCAGGAGAGGTAAGTGGAATTCCTAGTGTAGCGGTGAAATGCGTAGATATTAGGAGGAACACCAGTGGCGAAGGCGGCTTACTGGACTGTAACTGACGTTGAGGCTCGAAAGCGTGGGG",NA,NA,NA,0.0171491407639233,NA,NA,NA,NA,"d__Bacteria","p__Firmicutes_A","c__Clostridia","o__Lachnospirales","f__Lachnospiraceae","g__Hungatella","s__Hungatella__effluvii","t__unclassified"
"GCAAGCGTTATCCGGATTTACTGGGTGTAAAGGGAGCGTAGACGGTTATGTAAGTCTGATGTGAAAACCCGGGGCTCAACCCCGGGACTGCATTGGAAACTATGTAACTAGAGTGTCGGAGAGGTAAGTGGAATTCCTAGTGTAGCGGTGAAATGCGTAGATATTAGGAGGAACACCAGTGGCGAAGGCGGCTTACTGGACGATGACTGACGTTGAGGCTCGAAAGCGTGGGG",0.0364801005452692,NA,NA,0.000392097454132957,NA,NA,NA,NA,"d__Bacteria","p__Firmicutes_A","c__Clostridia","o__Lachnospirales","f__Lachnospiraceae","g__Faecalicatena","s__unclassified","t__unclassified"
"GCAAGCGTTATCCGGATTTACTGGGTGTAAAGGGAGCGTAGACGGTTGTGTAAGTCTGATGTGAAAGCCCGGGGCTCAACCCCGGGACTGCATTGGAAACTATGTAACTAGAGTGTCGGAGAGGTAAGCGGAATTCCTAGTGTAGCGGTGAAATGCGTAGATATTAGGAGGAACACCAGTGGCGAAGGCGGCTTACTGGACGATCACTGACGTTGAGGCTCGAAAGCGTGGGG",NA,NA,NA,0.0213990741576188,NA,NA,NA,NA,"d__Bacteria","p__Firmicutes_A","c__Clostridia","o__Lachnospirales","f__Lachnospiraceae","g__Tyzzerella","s__Tyzzerella__nexilis","t__unclassified"
"GCAAGCGTTATCCGGATTTACTGGGTGTAAAGGGAGCGTAGACGGTTTAGCAAGTCTGAAGTGAAAGCCCGGGGCTCAACCCCGGTACTGCTTTGGAAACTGTTAGACTTGAGTGCAGGAGAGGTAAGTGGAATTCCTAGTGTAGCGGTGAAATGCGTAGATATTAGGAGGAACACCAGTGGCGAAGGCGGCTTACTGGACTGTAACTGACGTTGAGGCTCGAAAGCGTGGGG",0.00910383575143227,NA,NA,0.0124896980447355,NA,NA,NA,NA,"d__Bacteria","p__Firmicutes_A","c__Clostridia","o__Lachnospirales","f__Lachnospiraceae","g__unclassified","s__unclassified","t__unclassified"
"GCAAGCGTTATCCGGATTTACTGGGTGTAAAGGGAGCGTAGGCGGTCTGACAAGTCAGAAGTGAAAGCCCGGGGCTCAACTCCGGGACTGCTTTTGAAACTGCCGGACTAGATTGCAGGAGAGGTAAGTGGAATTCCTAGTGTAGCGGTGAAATGCGTAGATATTAGGAGGAACACCAGTGGCGAAGGCGGCTTACTGGACTGTAAATGACGCTGAGGCTCGAAAGCGTGGGG",NA,NA,NA,NA,0.00183913556043553,NA,NA,NA,"d__Bacteria","p__Firmicutes_A","c__Clostridia","o__Lachnospirales","f__Lachnospiraceae","g__PROV_t__182732","s__unclassified","t__unclassified"
"GCAAGCGTTATCCGGATTTACTGGGTGTAAAGGGAGTGTAGGTGGCCATGCAAGTCAGAAGTGAAAATCCGGGGCTCAACCCCGGAACTGCTTTTGAAACTGTAAGGCTAGAGTGCAGGAGGGGTGAGTGGAATTCCTAGTGTAGCGGTGAAATGCGTAGATATTAGGAGGAACACCAGTGGCGAAGGCGGCTCACTGGACTGTAACTGACACTGAGGCTCGAAAGCGTGGGG",NA,NA,NA,0.00198053638942253,NA,NA,NA,NA,"d__Bacteria","p__Firmicutes_A","c__Clostridia","o__Lachnospirales","f__Lachnospiraceae","g__Lachnospira","s__unclassified","t__unclassified"
"GCAAGCGTTATCCGGATTTACTGGGTGTAAAGGGAGTGTAGGTGGTATCACAAGTCAGAAGTGAAAGCCCGGGGCTCAACCCCGGGACTGCTTTTGAAACTGTGGAACTGGAGTGCAGGAGAGGTAAGTGGAATTCCTAGTGTAGCGGTGAAATGCGTAGATATTAGGAGGAACACCAGTGGCGAAGGCGGCTTACTGGACTGTAACTGACACTGAGGCTCGAAAGCGTGGGG",NA,NA,NA,NA,NA,NA,0.0159378230822894,0.00324064743909416,"d__Bacteria","p__Firmicutes_A","c__Clostridia","o__Lachnospirales","f__Lachnospiraceae","g__unclassified","s__unclassified","t__unclassified"
"GCAAGCGTTATCCGGATTTACTGGGTGTAAAGGGCGCGCAGGCGGGCCGGCAAGTTGGGAGTGAAATCCCGGGGCTTAACCCCGGAACTGCTTTCAAAACTGCTGGTCTTGAGTGATGGAGAGGCAGGCGGAATTCCGTGTGTAGCGGTGAAATGCGTAGATATACGGAGGAACACCAGTGGCGAAGGCGGCCTGCTGGACATTAACTGACGCTGAGGCGCGAAAGCGTGGGG",0.0427406960115706,NA,NA,0.00710433180293103,NA,NA,NA,NA,"d__Bacteria","p__Firmicutes_A","c__Clostridia","o__Oscillospirales","f__Butyricicoccaceae","g__Agathobaculum","s__unclassified","t__unclassified"
"GCAAGCGTTATCCGGATTTACTGGGTGTAAAGGGCGTGTAGGCGGGACTGCAAGTCAGATGTGAAAACTATGAGCTCAACTCATAGCCTGCATTTGAAACTGTAGTTCTTGAGTGCTGGAGAGGCAATCGGAATTCCGTGTGTAGCGGTGAAATGCGTAGATATACGGAGGAACACCAGTGGCGAAGGCGGATTGCTGGACAGTAACTGACGCTGAGGCGCGAAAGCGTGGGG",NA,NA,NA,0.0234194050339338,NA,NA,NA,NA,"d__Bacteria","p__Firmicutes_A","c__Clostridia","o__Oscillospirales","f__Oscillospiraceae","g__unclassified","s__unclassified","t__unclassified"
"GCAAGCGTTATCCGGATTTACTGGGTGTAAAGGGCGTGTAGGCGGGAGTGCAAGTCAGATGTGAAAACTATGGGCTCAACCCATAGCCTGCATTTGAAACTGTACTTCTTGAGTGATGGAGAGGCAGGCGGAATTCCCTGTGTAGCGGTGAAATGCGTAGATATAGGGAGGAACACCAGTGGCGAAGGCGGCCTGCTGGACATTAACTGACGCTGAGGCGCGAAAGCGTGGGG",0.0252558323272566,NA,NA,0.000355592703068146,NA,NA,NA,0.000825415620204812,"d__Bacteria","p__Firmicutes_A","c__Clostridia","o__Oscillospirales","f__Oscillospiraceae","g__Intestinimonas","s__Intestinimonas__butyriciproducens","t__unclassified"
"GCAAGCGTTATCCGGATTTACTGGGTGTAAAGGGCGTGTAGGCGGGATTGCAAGTCAGATGTGAAAACTGGGGGCTCAACCTCCAGCCTGCATTTGAAACTGTAGTTCTTGAGTGCTGGAGAGGCAATCGGAATTCCGTGTGTAGCGGTGAAATGCGTAGATATACGGAGGAACACCAGTGGCGAAGGCGGATTGCTGGACAGTAACTGACGCTGAGGCGCGAAAGCGTGGGG",0.000785299263914747,NA,NA,0.0140010502172929,NA,NA,NA,NA,"d__Bacteria","p__Firmicutes_A","c__Clostridia","o__Oscillospirales","f__Oscillospiraceae","g__Flavonifractor","s__unclassified","t__unclassified"
"GCAAGCGTTATCCGGATTTACTGGGTGTAAAGGGTGCGTAGGTGGCAAGGCAAGTCAGATGTGAAAGCCCGGGGCTCAACCCCGGTACTGCATTTGAAACTGTCTAGCTAGAGTGCAGGAGAGGTAAGCGGAATTCCTAGTGTAGCGGTGAAATGCGTAGATATTAGGAGGAACACCAGTGGCGAAGGCGGCTTACTGGACTGTAACTGACACTGAGGCACGAAAGCGTGGGG",NA,NA,NA,NA,NA,0.0173952999287632,NA,0.0097213965880351,"d__Bacteria","p__Firmicutes_A","c__Clostridia","o__Lachnospirales","f__Lachnospiraceae","g__unclassified","s__unclassified","t__unclassified"
"GCAAGCGTTATCCGGATTTACTGGGTGTAAAGGGTGCGTAGGTGGCAAGGCAAGTCTGAAGTGAAAATCCGGGGCTCAACCCCGGAACTGCTTTGGAAACTGTTTAGCTAGAGTACAGGAGAGGTAAGTGGAATTCCTAGTGTAGCGGTGAAATGCGTAGATATTAGGAGGAACACCAGTGGCGAAGGCGACTTACTGGACTGCTACTGACACTGAGGCACGAAAGCGTGGGG",NA,NA,NA,NA,NA,NA,0.00454349273383588,NA,"d__Bacteria","p__Firmicutes_A","c__Clostridia","o__Lachnospirales","f__Lachnospiraceae","g__Coprococcus","s__unclassified","t__unclassified"
"GCAAGCGTTATCCGGATTTACTGGGTGTAAAGGGTGCGTAGGTGGCAAGGCAAGTCTGAAGTGAAAATCCGGGGCTCAACCCCGGAACTGCTTTGGAAACTGTTTAGCTGGAGTACAGGAGAGGTAAGTGGAATTCCTAGTGTAGCGGTGAAATGCGTAGATATTAGGAGGAACACCAGTGGCGAAGGCGACTTACTGGACTGCTACTGACACTGAGGCACGAAAGCGTGGGG",NA,NA,NA,NA,NA,0.00313973096791408,NA,NA,"d__Bacteria","p__Firmicutes_A","c__Clostridia","o__Lachnospirales","f__Lachnospiraceae","g__Coprococcus","s__Coprococcus__eutactus_A","t__unclassified"
"GCAAGCGTTATCCGGATTTACTGGGTGTAAAGGGTGTGTAGGCGGGAAGCCAAGTCAGATGTGAAAATCATGGGCTCAACTCATGACTTGCATTTGAAACTGGTTTTCTTGAGTATGGGAGAGGTAAATGGAATTCCCGGTGTAGCGGTGAAATGCGTAGATATCGGGAGGAACACCAGTGGCGAAGGCGGTTTACTGGACCACAACTGACGCTGATACACGAAAGCGTGGGG",NA,NA,NA,NA,NA,NA,0.0402245481211392,NA,"d__Bacteria","p__Firmicutes_A","c__Clostridia","o__unclassified","f__unclassified","g__unclassified","s__unclassified","t__unclassified"
"GCAAGCGTTATCCGGATTTATTGGGTGTAAAGGGTGCGTAGACGGGAAAACAAGTTAGTTGTGAAATCCCTCGGCTTAACTGAGGAACTGCAACTAAAACTATTTTTCTTGAGTGCTGGAGAGGAAAGTGGAATTCCTAGTGTAGCGGTGAAATGCGTAGATATTAGGAGGAACACCAGTGGCGAAGGCGACTTTCTGGACAGTAACTGACGTTGAGGCACGAAAGTGTGGGG",NA,NA,NA,NA,NA,NA,0.00529916208581575,NA,"d__Bacteria","p__Firmicutes_A","c__Clostridia","o__unclassified","f__unclassified","g__unclassified","s__unclassified","t__unclassified"
"GCAAGCGTTGTCCGGAATTACTGGGTGTAAAGGGAGCGCAGGCGGATTGGCAAGTTGGGAGTGAAATCTATGGGCTCAACCCATAAATTGCTTTCAAAACTGTCAGTCTTGAGTGGTGTAGAGGTAGGCGGAATTCCCGGTGTAGCGGTGGAATGCGTAGATATCGGGAGGAACACCAGTGGCGAAGGCGGCCTACTGGGCACTAACTGACGCTGAGGCTCGAAAGCATGGGT",NA,NA,NA,0.000286096041955652,NA,NA,NA,NA,"d__Bacteria","p__Firmicutes_A","c__Clostridia","o__Oscillospirales","f__Ruminococcaceae","g__Ruthenibacterium","s__Ruthenibacterium__lactatiformans","t__unclassified"
"GCAAGCGTTGTCCGGAATTACTGGGTGTAAAGGGAGCGCAGGCGGGTCGGTAAGTTGGGAGTGAAAACTATGGGCTCAACCCATAAATTGCTTTCAAAACTGCTGATCTTGAGTGGTGTAGAGGTAGGCGGAATTCCCGGTGTAGCGGTGGAATGCGTAGATATCGGGAGGAACACCAGTGGCGAAGGCGGCCTACTGGGCACTAACTGACGCTGAGGCTCGAAAGCATGGGT",NA,NA,NA,0.041787659440935,NA,NA,NA,NA,"d__Bacteria","p__Firmicutes_A","c__Clostridia","o__Oscillospirales","f__Ruminococcaceae","g__Ruthenibacterium","s__unclassified","t__unclassified"
"GCAAGCGTTGTCCGGAATTACTGGGTGTAAAGGGAGCGCAGGCGGGTGATCAAGTCAGCTGTGAAAACTACGGGCTTAACCCGTAGACTGCAGTTGAAACTGTTCATCTTGAGTGAAGTAGAGGTTGGCGGAATTCCGAGTGTAGCGGTGAAATGCGTAGATATTCGGAGGAACACCGGTGGCGAAGGCGGCCAACTGGGCTTTAACTGACGCTGAGGCTCGAAAGTGTGGGG",NA,NA,NA,NA,NA,0.00423595799109714,NA,0.00866239294807051,"d__Bacteria","p__Firmicutes_A","c__Clostridia","o__Oscillospirales","f__Acutalibacteraceae","g__Eubacterium_R","s__Eubacterium_R__coprostanoligenes","t__unclassified"
"GCAAGCGTTGTCCGGAATTACTGGGTGTAAAGGGAGCGTAGGCGGGATGGCAAGTAGAATGTTAAATCCATCGGCTCAACCGGTGGCTGCGTTCTAAACTGCCGTTCTTGAGTGAAGTAGAGGCAGGCGGAATTCCTAGTGTAGCGGTGAAATGCGTAGATATTAGGAGGAACACCAGTGGCGAAGGCGGCCTGCTGGGCTTTAACTGACGCTGAGGCTCGAAAGCGTGGGG",NA,NA,NA,NA,NA,NA,NA,0.0431036722464557,"d__Bacteria","p__Firmicutes_A","c__Clostridia","o__Oscillospirales","f__Ruminococcaceae","g__Anaerotruncus","s__Anaerotruncus__colihominis","t__unclassified"
"GCAAGCGTTGTCCGGAATTACTGGGTGTAAAGGGAGCGTAGGCGGGCAGGCAAGTCAGGCGTGAAATATATCGGCTCAACCGGTAACGGCGCTTGAAACTGCAGGTCTTGAGTGAAGTAGAGGTTGGCGGAATTCCTAGTGTAGCGGTGAAATGCGTAGATATTAGGAGGAACACCAGTGGCGAAGGCGGCCAACTGGGCTTTTACTGACGCTGAGGCTCGAAAGTGTGGGG",NA,NA,NA,0.024723777062567,NA,NA,NA,NA,"d__Bacteria","p__Firmicutes_A","c__Clostridia","o__Oscillospirales","f__Ruminococcaceae","g__unclassified","s__unclassified","t__unclassified"
"GCAAGCGTTGTCCGGAATTATTGGGCGTAAAGCGCGCGCAGGCGGATTGGTCAGTCTGTCTTAAAAGTTCGGGGCTTAACCCCGTGATGGGATGGAAACTGCCAATCTAGAGTATCGGAGAGGAAAGTGGAATTCCTAGTGTAGCGGTGAAATGCGTAGATATTAGGAAGAACACCAGTGGCGAAGGCGACTTTCTGGACGAAAACTGACGCTGAGGCGCGAAAGCCAGGGG",NA,NA,NA,NA,NA,NA,0.00223569526501565,0.00137741115306058,"d__Bacteria","p__Firmicutes_C","c__Negativicutes","o__Veillonellales","f__Veillonellaceae","g__Veillonella","s__unclassified","t__unclassified"
"GCAAGCGTTGTCCGGAATTATTGGGCGTAAAGCGCGCGCAGGCGGTTTCATAAGTCTGTCTTAAAAGTGCGGGGCTTAACCCCGTGAGGGGATGGAAACTATGGAACTGGAGTATCGGAGAGGAAAGCGGAATTCCTAGTGTAGCGGTGAAATGCGTAGATATTAGGAAGAACACCAGTGGCGAAGGCGGCTTTCTGGACGACAACTGACGCTGAGGCGCGAAAGCCAGGGG",NA,NA,NA,0.00333226042459471,NA,NA,NA,NA,"d__Bacteria","p__Firmicutes_C","c__Negativicutes","o__Veillonellales","f__Veillonellaceae","g__Veillonella_A","s__Veillonella_A__seminalis","t__unclassified"
"GCAAGCGTTGTCCGGAATTATTGGGCGTAAAGCGCGCGCAGGTGGTTTAATAAGTCTGATGTGAAAGCCCACGGCTCAACCGTGGAGGGTCATTGGAAACTGTTAAACTTGAGTGCAGGAGAGAAAAGTGGAATTCCTAGTGTAGCGGTGAAATGCGTAGAGATTAGGAGGAACACCAGTGGCGAAGGCGGCTTTTTGGCCTGTAACTGACACTGAGGCGCGAAAGCGTGGGG",NA,NA,NA,0.0452278163285993,0.0190292639318266,NA,NA,NA,"d__Bacteria","p__Firmicutes","c__Bacilli","o__Staphylococcales","f__Gemellaceae","g__Gemella","s__unclassified","t__unclassified"
"GCAAGCGTTGTCCGGATTCACTGGGCGTAAAGAGCACGTAGGCGGTTAATTAAGTCAGGTGTGAAAGTTTTCGGCTCAACCGGAAAAGTGCACTTGAAACTGGATAACTTGAGTATCGGAGAGGTAAGCGGAATTCCTAGTGTAGCGGTGAAATGCGTAGAGATTAGGAAGAACACCGGTGGCGAAGGCGGCTTACTGGACGATAACTGACGCTGAGGTGCGAAAGCGTGGGG",NA,NA,NA,NA,NA,NA,NA,0.0272056374807797,"d__Bacteria","p__Firmicutes_A","c__Clostridia","o__Eubacteriales","f__Anaerofustaceae","g__Anaerofustis","s__Anaerofustis__stercorihominis","t__unclassified"
"GCAAGCGTTGTCCGGATTTACTGGGTGTAAAGGGCGTGCAGCCGGGAATGCAAGTCAGATGTGAAATCCATGGGCTTAACCCATGAACTGCATTTGAAACTGTATTTCTTGAGTACTGGAGAGGCAATCGGAATTCCTAGTGTAGCGGTGAAATGCGTAGATATTAGGAGGAACACCAGTGGCGAAGGCGGATTGCTGGACAGCAACTGACGGTGAGGCGCGAAAGTGTGGGG",NA,NA,NA,NA,NA,NA,NA,0.0108597914580923,"d__Bacteria","p__Firmicutes_A","c__Clostridia","o__Oscillospirales","f__Oscillospiraceae","g__PROV_t__108638","s__unclassified","t__unclassified"
"GCAAGCGTTGTCCGGATTTACTGGGTGTAAAGGGCGTGCAGCCGGGCCGGCAAGTCAGATGTGAAATCTGGAGGCTTAACCTCCAAACTGCATTTGAAACTGTAGGTCTTGAGTACCGGAGAGGTTATCGGAATTCCTTGTGTAGCGGTGAAATGCGTAGATATAAGGAAGAACACCAGTGGCGAAGGCGGATAACTGGACGGCAACTGACGGTGAGGCGCGAAAGCGTGGGG",0.0113113971905038,NA,NA,1.42749191060255e-05,NA,NA,NA,NA,"d__Bacteria","p__Firmicutes_A","c__Clostridia","o__Oscillospirales","f__Oscillospiraceae","g__Oscillibacter","s__PROV_t__114722","t__unclassified"
"GCAAGCGTTGTCCGGATTTACTGGGTGTAAAGGGCGTGCAGCCGGGCTGGCAAGTCAGGCGTGAAATCCCAGGGCTCAACCCTGGAACTGCGTTTGAAACTGCTGGTCTTGAGTACCGGAGAGGTCATCGGAATTCCTTGTGTAGCGGTGAAATGCGTAGATATAAGGAAGAACACCAGTGGCGAAGGCGGATGACTGGACGGCAACTGACGGTGAGGCGCGAAAGCGTGGGG",NA,0.0121193792599198,0.0121193792599198,0.00313238334030545,NA,NA,NA,NA,"d__Bacteria","p__Firmicutes_A","c__Clostridia","o__Oscillospirales","f__Oscillospiraceae","g__Oscillibacter","s__PROV_t__167149","t__unclassified"
"GCAAGCGTTGTCCGGATTTACTGGGTGTAAAGGGCGTGCAGCCGGGTGCGCAAGTCAGATGTGAAATCTCAGGGCTCAACCCTGAAACTGCATTTGAAACTGTGCATCTTGAGTGCCGGAGAGGTAATCGGAATTCCTTGTGTAGCGGTGAAATGCGTAGATATAAGGAAGAACACCAGTGGCGAAGGCGGATTACTGGACGGTAACTGACGGTGAGGCGCGAAAGCGTGGGG",NA,NA,NA,NA,NA,0.0276852726015948,NA,NA,"d__Bacteria","p__Firmicutes_A","c__Clostridia","o__Oscillospirales","f__Oscillospiraceae","g__Oscillibacter","s__unclassified","t__unclassified"
"GCAAGCGTTGTCCGGATTTACTGGGTGTAAAGGGCGTGTAGCCGGGAAGGCAAGTCAGATGTGAAATCCACGGGCTCAACTCGTGAACTGCATTTGAAACTGTTTTTCTTGAGTATCGGAGAGGCAATCGGAATTCCTAGTGTAGCGGTGAAATGCGTAGATATTAGGAGGAACACCAGTGGCGAAGGCGGATTGCTGGACGACAACTGACGGTGAGGCGCGAAAGCGTGGGG",NA,NA,NA,NA,NA,0.0373663522158127,NA,NA,"d__Bacteria","p__Firmicutes_A","c__Clostridia","o__Oscillospirales","f__Oscillospiraceae","g__unclassified","s__unclassified","t__unclassified"
"GCAAGCGTTGTCCGGATTTACTGGGTGTAAAGGGCGTGTAGCCGGGGAGACAAGTCAGATGTGAAATCTGGAGGCTCAACCTCCAAACTGCATTTGAAACTGTTTCTCTTGAGTATCGGAGAGGTAATCGGAATTCCTAGTGTAGCGGTGAAATGCGTAGATATTAGGAAGAACACCAGTGGCGAAGGCGGATTACTGGACGACAACTGACGGTGAGGCGCGAAAGCGTGGGG",NA,NA,NA,0.0409342503409994,NA,NA,NA,NA,"d__Bacteria","p__Firmicutes_A","c__Clostridia","o__Oscillospirales","f__Oscillospiraceae","g__Oscillibacter","s__unclassified","t__unclassified"
"GCAAGCGTTGTCCGGATTTACTGGGTGTAAAGGGCGTGTAGGCGGAGAAGCAAGTCAGAAGTGAAATCCATGGGCTTAACCCATGAACTGCTTTTGAAACTGTTTCCCTTGAGTATCGGAGAGGCAGGCGGAATTCCTAGTGTAGCGGTGAAATGCGTAGATATTAGGAGGAACACCAGTGGCGAAGGCGGCCTGCTGGACGACAACTGACGCTGAGGCGCGAAAGCGTGGGG",NA,NA,NA,NA,NA,0.000413585164325704,NA,0.00115037762199922,"d__Bacteria","p__Firmicutes_A","c__Clostridia","o__Oscillospirales","f__Oscillospiraceae","g__unclassified","s__unclassified","t__unclassified"
"GCAAGCGTTGTCCGGATTTACTGGGTGTAAAGGGCGTGTAGGCGGAGATGCAAGTCAGATGTGAAATCCTCGGGCTTAACCCGGGAACTGCATTTGAAACTGTATCCCTTGAGTATCGGAGAGGCAGGCGGAATTCCTAGTGTAGCGGTGAAATGCGTAGATATTAGGAGGAACACCAGTGGCGAAGGCGGCCTGCTGGACGACAACTGACGCTGAGGCGCGAAAGCGTGGGG",NA,NA,NA,0.000392097454132957,NA,NA,0.031429629159669,NA,"d__Bacteria","p__Firmicutes_A","c__Clostridia","o__Oscillospirales","f__Oscillospiraceae","g__unclassified","s__unclassified","t__unclassified"
"GCAAGCGTTGTCCGGATTTACTGGGTGTAAAGGGCGTGTAGGCGGAGCTGCAAGTCAGATGTGAAATCTCTGGGCTCAACCCAGAAACTGCATTTGAAACTGTAGCCCTTGAGTATCGGAGAGGCAAGCGGAATTCCTAGTGTAGCGGTGAAATGCGTAGATATTAGGAGGAACACCAGTGGCGAAGGCGGCTTGCTGGACGACAACTGACGCTGAGGCGCGAAAGCGTGGGG",NA,NA,NA,NA,NA,NA,NA,2.17257314537478e-07,"d__Bacteria","p__Firmicutes_A","c__Clostridia","o__unclassified","f__unclassified","g__unclassified","s__unclassified","t__unclassified"
"GCAAGCGTTGTCCGGATTTACTGGGTGTAAAGGGCGTGTAGGCGGGATTGCAAGTCAGGCGTGAAAACCAGGGGCTCAACCTCTGGCCTGCGTTTGAAACTGTAGTTCTTGAGTACTGGAGAGGTTGACGGAATTCCTAGTGTAGCGGTGAAATGCGTAGATATTAGGAGGAACACCAGTGGCGAAGGCGGTCAACTGGACAGCAACTGACGCTGAGGCGCGAAAGCGTGGGG",NA,NA,NA,NA,0.00459123693405889,NA,NA,NA,"d__Bacteria","p__Firmicutes_A","c__Clostridia","o__Oscillospirales","f__Oscillospiraceae","g__Lawsonibacter","s__unclassified","t__unclassified"
"GCAAGCGTTGTCCGGATTTACTGGGTGTAAAGGGTGCGTAGGCGGCTAGGCAAGTCAGACGTGAAAACCATGGGCTCAACCTGTGGACTGCGTTTGAAACTGTTTAGCTTGAGTGAAGTAGAGGTAGGCGGAATTCCCGGTGTAGCGGTGAAATGCGTAGAGATCGGGAGGAACACCAGTGGCGAAGGCGGCCTACTGGGCTTTAACTGACGCTGAGGCACGAAAGCATGGGT",0.0375621165199643,NA,NA,NA,NA,NA,NA,NA,"d__Bacteria","p__Firmicutes_A","c__Clostridia","o__Oscillospirales","f__Acutalibacteraceae","g__unclassified","s__unclassified","t__unclassified"
"GCAAGCGTTGTCCGGATTTACTGGGTGTAAAGGGTGCGTAGGCGGTTCGGCAAGTCAGAAGTGAAATCCATGGGCTTAACCCATGAACTGCTTTTGAAACTGTCGAACTTGAGTGAAGTAGAGGTAGGCGGAATTCCCGGTGTAGCGGTGAAATGCGTAGAGATCGGGAGGAACACCAGTGGCGAAGGCGGCCTACTGGGCTTTAACTGACGCTGAGGCACGAAAGCATGGGT",NA,NA,NA,NA,NA,0.0296093078578192,NA,NA,"d__Bacteria","p__Firmicutes_A","c__Clostridia","o__Oscillospirales","f__Acutalibacteraceae","g__Acutalibacter","s__unclassified","t__unclassified"
"GCAAGCGTTGTCCGGATTTATTGGGCGTAAAGCGAGCGCAGGCGGTTCCTTAAGTCTGATGTGAAAGCCCCCGGCTCAACCGGGGAGGGTCATTGGAAACTGGGGAACTTGAGTGCAGAAGAGGAGAGTGGAATTCCATGTGTAGCGGTGAAATGCGTAGATATATGGAGGAACACCAGTGGCGAAGGCGACTCTCTGGTCTGTAACTGACGCTGAGGCTCGAAAGCGTGGGT",NA,NA,NA,NA,NA,NA,0.0304291267137315,NA,"d__Bacteria","p__Firmicutes","c__Bacilli","o__Lactobacillales","f__unclassified","g__unclassified","s__unclassified","t__unclassified"
"GCAAGCGTTGTCCGGATTTATTGGGCGTAAAGCGAGCGCAGGCGGTTTTTTAAGTCTGATGTGAAAGCCTTCGGCTCAACCGAAGAAGTGCATCGGAAACTGGGAAACTTGAGTGCAGAAGAGGACAGTGGAACTCCATGTGTAGCGGTGAAATGCGTAGATATATGGAAGAACACCAGTGGCGAAGGCGGCTGTCTGGTCTGTAACTGACGCTGAGGCTCGAAAGTATGGGT",NA,NA,NA,0.0275388248069947,NA,NA,NA,NA,"d__Bacteria","p__Firmicutes","c__Bacilli","o__Lactobacillales","f__Lactobacillaceae","g__Lactobacillus_F","s__unclassified","t__unclassified"
"GCAAGCGTTGTTCGGAATTACTGGGCGTAAAGGGAGTGTAGGCGGTTATGTAAGATAGTGGTGAAATCCCAGAGCTTAACTTTGGAATTGCCATTATGACTATGTGGCTAGAATTACAGAGAGGATAGTGGAATACCCAGTGTAGAGGTGAAATTCGTAGATATTGGGTAGAACACCAGTGGCGAAGGCGACTATCTGGCTGTATATTGACGCTGAGGCTCGAAAGCATGGGG",NA,NA,NA,0.023357002989894,NA,NA,NA,NA,"d__Bacteria","p__Proteobacteria","c__Alphaproteobacteria","o__unclassified","f__unclassified","g__unclassified","s__unclassified","t__unclassified"
"GCGAGCGTTAATCGGAATAACTGGGCGTAAAGGGCACGCAGGCGGTGACTTAAGTGAGGTGTGAAAGCCCCGGGCTTAACCTGGGAATTGCATTTCATACTGGGTCGCTAGAGTACTTTAGGGAGGGGTAGAATTCCACGTGTAGCGGTGAAATGCGTAGAGATGTGGAGGAATACCGAAGGCGAAGGCAGCCCCTTGGGAATGTACTGACGCTCATGTGCGAAAGCGTGGGG",NA,NA,NA,NA,NA,0.032526269860773,NA,0.0161472574260006,"d__Bacteria","p__Proteobacteria","c__Gammaproteobacteria","o__Enterobacterales","f__Pasteurellaceae","g__Haemophilus_D","s__unclassified","t__unclassified"
"GCGAGCGTTAATCGGAATTACTGGGCGTAAAGGGTGCGCAGGCGGTTGAGTAAGACAGATGTGAAATCCCCGAGCTTAACTCGGGAATGGCATATGTGACTGCTCGACTAGAGTGTGTCAGAGGGAGGTGGAATTCCACGTGTAGCAGTGAAATGCGTAGATATGTGGAAGAACACCGATGGCGAAGGCAGCCTCCTGGGACATAACTGACGCTCAGGCACGAAAGCGTGGGG",0.0483001895712372,NA,NA,0.0363615014897647,NA,NA,NA,NA,"d__Bacteria","p__Proteobacteria","c__Gammaproteobacteria","o__Burkholderiales","f__Burkholderiaceae","g__Parasutterella","s__Parasutterella__excrementihominis","t__unclassified"
"GCGAGCGTTATCCGGAATCATTGGGCGTAAAGAGGGAGCAGGCGGCAATAGAGGTCTGCGGTGAAAGCCTGAAGCTAAACTTCAGTAAGCCGTGGAAACCAAATAGCTAGAGTGCAGTAGAGGATCGTGGAATTCCATGTGTAGCGGTGAAATGCGTAGATATATGGAGGAACACCAGTGGCGAAGGCGACGATCTGGGCTGCAACTGACGCTCAGTCCCGAAAGCGTGGGG",NA,0.0195720702368141,0.0195720702368141,NA,NA,NA,NA,NA,"d__Bacteria","p__Firmicutes","c__Bacilli","o__Erysipelotrichales","f__Erysipelatoclostridiaceae","g__Coprobacillus","s__Coprobacillus__cateniformis","t__unclassified"
"GCGAGCGTTATCCGGAATCATTGGGCGTAAAGGGTGCGTAGGTGGCACGATAAGTCTGTAGTAAAAGGCAGCGGCTCAACCGCTGTTGGCTATGGAAACTGTCGAGCTGGAGTGCAGAAGAGGGCGATGGAATTCCATGTGTAGCGGTAAAATGCGTAGATATATGGAGGAACACCAGTGGCGAAGGCGGCCGCCTGGTCTGCAACTGACACTGAAGCACGAAAGCGTGGGG",NA,NA,NA,0.0385119560243281,NA,NA,NA,NA,"d__Bacteria","p__Firmicutes","c__Bacilli","o__Erysipelotrichales","f__Erysipelotrichaceae","g__unclassified","s__unclassified","t__unclassified"
"GCGAGCGTTATCCGGAATTATTGGGCGTAAAGAGCGCGCAGGTGGTTGATTAAGTCTGATGTGAAAGCCCACGGCTTAACCGTGGAGGGTCATTGGAAACTGGTCGACTTGAGTGCAGAAGAGGGAAGTGGAATTCCATGTGTAGCGGTGAAATGCGTAGAGATATGGAGGAACACCAGTGGCGAAGGCGGCTTCCTGGTCTGTAACTGACACTGAGGCGCGAAAGCGTGGGG",NA,NA,NA,NA,0.0434820239452371,NA,NA,NA,"d__Bacteria","p__Firmicutes","c__Bacilli","o__Haloplasmatales","f__Turicibacteraceae","g__Turicibacter","s__unclassified","t__unclassified"
"GCGAGCGTTATCCGGAATTATTGGGCGTAAAGAGGGAGCAGGCGGCGGCAGAGGTCTGTGGTGAAAGACTGAAGCTTAACTTCAGTAAGCCATAGAAACCGGGCTGCTAGAGTGCAGGAGAGGATCGTGGAATTCCATGTGTAGCGGTGAAATGCGTAGATATATGGAGGAACACCAGTGGCGAAGGCGACGGTCTGGCCTGTAACTGACGCTCATTCCCGAAAGCGTGGGG",NA,NA,NA,0.0404673235237147,NA,NA,NA,NA,"d__Bacteria","p__Firmicutes","c__Bacilli","o__Erysipelotrichales","f__Erysipelatoclostridiaceae","g__Erysipelatoclostridium","s__Erysipelatoclostridium__spiroforme","t__unclassified"
"GCGAGCGTTATCCGGAATTATTGGGCGTAAAGAGTGCGTAGGTGGTAACTTAAGCGCGGGGTTTAAGGCAATGGCTTAACCATTGTTCGCCCTGCGAACTGGGATACTTGAGTGCAGGAGAGGAAAGCGGAATTCCTAGTGTAGCGGTGAAATGCGTAGATATTAGGAGGAACACCAGTGGCGAAGGCGGCTTTCTGGACTGAAACTGACACTGAGGCACGAAAGTGTGGGG",0.012168103210875,NA,NA,2.06368576393101e-06,NA,0.00123485090991253,2.8543357537028e-07,1.10814242432524e-12,"d__Bacteria","p__Firmicutes_A","c__Clostridia","o__Peptostreptococcales","f__Anaerovoracaceae","g__unclassified","s__unclassified","t__unclassified"
"GCGAGCGTTATCCGGAATTATTGGGCGTAAAGGGTGCGCAGGCGGTTTGTTAAGTTTAAGGTGAAAGCGTGGGGCTTAACCCCATATAGCCTTAGAAACTGACAGACTAGAGTACAGGAGAGGGCAATGGAATTCCATGTGTAGCGGTAAAATGCGTAGATATATGGAGGAACACCAGTGGCGAAGGCGGTTGCCTGGCCTGTAACTGACGCTCATGCACGAAAGCGTGGGG",NA,NA,NA,0.0177591788860163,NA,NA,NA,NA,"d__Bacteria","p__Firmicutes","c__Bacilli","o__Erysipelotrichales","f__Erysipelotrichaceae","g__Holdemania","s__unclassified","t__unclassified"
"GCGAGCGTTATCCGGAATTATTGGGTGTAAAGGGTGCGTAGACGGGAGAACAAGTTAGTTGTGAAATACCTCGGCTCAACTGAGGAACTGCAACTAAAACTGTACTTCTTGAGTGCAGGAGAGGTAAGTGGAATTCCTAGTGTAGCGGTGAAATGCGTAGATATTAGGAGGAACACCAGTGGCGAAGGCGACTTACTGGACTGTAACTGACGTTGAGGCACGAAAGTGTGGGG",NA,NA,NA,0.0157134064971572,NA,NA,NA,NA,"d__Bacteria","p__Firmicutes_A","c__Clostridia","o__unclassified","f__unclassified","g__unclassified","s__unclassified","t__unclassified"
"GCGAGCGTTATCCGGATTCATTGGGCGTAAAGAGCGCGTAGGCGGCCTCTCAAGCGGGATCTCTAATCCGAGGGCTCAACCCCCGGCCGGATCCCGAACTGGGAGGCTCGAGTTCGGTAGAGGCAGGCGGAATTCCCGGTGTAGCGGTGGAATGCGCAGATATCGGGAAGAACACCGATGGCGAAGGCAGCCTGCTGGGCCGCAACTGACGCTGAGGCGCGAAAGCTAGGGG",NA,NA,NA,0.00112421744020135,NA,NA,NA,NA,"d__Bacteria","p__Actinobacteriota","c__Coriobacteriia","o__Coriobacteriales","f__Eggerthellaceae","g__Eggerthella","s__Eggerthella__lenta","t__unclassified"
"GCGAGCGTTATCCGGATTCATTGGGCGTAAAGCGCGCGTAGGCGGCCCGGCAGGCCGGGGGTCGAAGCGGGGGGCTCAACCCCCCGAAGCCCCCGGAACCTCCGCGGCTTGGGTCCGGTAGGGGAGGGTGGAACACCCGGTGTAGCGGTGGAATGCGCAGATATCGGGTGGAACACCGGTGGCGAAGGCGGCCCTCTGGGCCGAGACCGACGCTGAGGCGCGAAAGCTGGGGG",NA,NA,NA,NA,0.0287497878702807,0.00804838716315286,NA,0.00486427642138206,"d__Bacteria","p__Actinobacteriota","c__Coriobacteriia","o__Coriobacteriales","f__Coriobacteriaceae","g__Collinsella","s__unclassified","t__unclassified"
"GCGAGCGTTATCCGGATTCATTGGGCGTAAAGCGCGCGTAGGCGGGCTTCTAAGCGGAACCTCTAACCCGAGGGCTCAACCCCCGGCCGGGTTCCGAACTGGAAGCCTCGAGTCTGGTAGAGGAAGATGGAATTCCCGGTGTAGCGGTGGAATGCGCAGATATCGGGAAGAACACCGATGGCGAAGGCAGTCTTCTGGGCCGCGACTGACGCTGAGGCGCGAAAGCTGGGGG",NA,NA,NA,NA,NA,0.00603242162471472,NA,NA,"d__Bacteria","p__Actinobacteriota","c__Coriobacteriia","o__Coriobacteriales","f__Eggerthellaceae","g__Gordonibacter","s__Gordonibacter__urolithinfaciens","t__unclassified"
"GCGAGCGTTATCCGGATTTATTGGGTTTAAAGGGTGCGTAGGCGGTTTATTAAGTTAGTGGTTAAATATTTGAGCTAAACTCAATTGTGCCATTAATACTGGTAAACTGGAGTACAGACGAGGTAGGCGGAATAAGTTAAGTAGCGGTGAAATGCATAGATATAACTTAGAACTCCGATAGCGAAGGCAGCTTACCAGACTGTAACTGACGCTGATGCACGAGAGCGTGGGT",NA,NA,NA,NA,NA,NA,0.0422907352101319,NA,"d__Bacteria","p__Bacteroidota","c__Bacteroidia","o__Bacteroidales","f__Marinifilaceae","g__Odoribacter","s__Odoribacter__splanchnicus","t__unclassified"
"GCGAGCGTTGTCCGGAATGATTGGGCGTAAAGGGCGCGTAGGCGGCCTGCTAAGTCTGGAGTGAAAGTCCTGCTTTCAAGGTGGGAATTGCTTTGGATACTGGTGGGCTGGAGTGCAGGAGAGGAAAGCGGAATTACCGGTGTAGCGGTGAAATGCGTAGAGATCGGTAGGAACACCAGTGGCGAAGGCGGCTTTCTGGACTGAAACTGACGCTGAGGCGCGAAAGCGTGGGG",NA,NA,NA,0.035697706117704,NA,NA,NA,NA,"d__Bacteria","p__Firmicutes_A","c__Clostridia","o__Christensenellales","f__PROV_t__125037","g__PROV_t__256791","s__PROV_t__256791","t__unclassified"
"GCGAGCGTTGTCCGGAATTACTGGGCGTAAAGGGCGCGTAGGCGGCCAATTAAGTTAGATGTGAAATCCCCGGGCTTAACCTGGGTGTTGCATTTAAAACTGATAGGCTTGAGTGCAGGAGAGGGAAGCGGAATTCCTAGTGTAGCGGTGGAATGCGTAGATATTAGGAGGAACACCAGTGGCGAAGGCGGCTTTCTGGACTGTAACTGACGCTGAGGCGCGAGAGCGTGGGG",NA,NA,NA,0.0137600841635334,NA,NA,NA,NA,"d__Bacteria","p__Firmicutes_A","c__Clostridia","o__unclassified","f__unclassified","g__unclassified","s__unclassified","t__unclassified"
"GCGAGCGTTGTCCGGAATTACTGGGCGTAAAGGGCGCGTAGGCGGTAGATCAAGTCGCATGTGAAATACCCGGGCTCAACCTGGGGGGTGCATGCGAAACTGGAATACTTGAGTGCGGTAGAGGAAAGTGGAATTCCTAGTGTAGCGGTGAAATGCGTAGATATTAGGAGGAACACCAGTGGCGAAGGCGACTTTCTGGGCCGTAACTGACGCTGAGGCGCGAAAGCGTGGGG",NA,NA,NA,0.00156095500714398,NA,NA,NA,NA,"d__Bacteria","p__unclassified","c__unclassified","o__unclassified","f__unclassified","g__unclassified","s__unclassified","t__unclassified"
"GCGAGCGTTGTCCGGAATTACTGGGCGTAAAGGGTGCGTAGGCGGCCCTGCAGGTCAGATGTGAAATACCCGTGCTTAACATGGGGGCTGCATTTGAAACCGTAGGGCTTGAGTGCGGAAGAGGTAAGTGGAATTCCCGGTGTAGCGGTGAAATGCGTAGAGATCGGGAGGAACACCAGTGGCGAAGGCGACTTACTGGGCCGCAACTGACGCTGAGGCACGAAAGCGTGGGG",NA,NA,NA,0.0337789816031776,NA,NA,NA,NA,"d__Bacteria","p__unclassified","c__unclassified","o__unclassified","f__unclassified","g__unclassified","s__unclassified","t__unclassified"
"GCGAGCGTTGTCCGGAATTACTGGGCGTAAAGGGTGCGTAGGCGGTCTGAAAAGTCGGATGTGAAATCCCCGTGCTTAACATGGGAGCTGCATTCGAAACTTTCGGACTTGAGTGTCGGAGAGGTAAGCGGAATTCCCGGTGTAGCGGTGAAATGCGTAGATATCGGGAGGAACACCAGTGGCGAAGGCGGCTTACTGGACGACAACTGACGCTGAGGCACGAAAGCGTGGGG",NA,NA,NA,0.00326262525774681,NA,NA,NA,NA,"d__Bacteria","p__Firmicutes_A","c__unclassified","o__unclassified","f__unclassified","g__unclassified","s__unclassified","t__unclassified"
"GCGAGCGTTGTCCGGAATTACTGGGCGTAAAGGGTGCGTAGGCGGTTTGGTAAGTCAGATGTGAAATACCCGGGCTTAACCCGGGGGCTGCATCTGATACTGTCAGACTTGAGTGCAGGAGAGGAAAGCGGAATTCCTAGTGTAGCGGTGAAATGCGTAGATATTAGGAGGAACACCAGTGGCGAAGGCGGCTTTCTGGACTGTAACTGACGCTGAGGCACGAAAGCGTGGGG",NA,NA,NA,0.0177591788860163,NA,NA,NA,NA,"d__Bacteria","p__Firmicutes_A","c__Clostridia","o__unclassified","f__unclassified","g__unclassified","s__unclassified","t__unclassified"
"GCGAGCGTTGTCCGGAATTACTGGGTGTAAAGGGAGCGTAGGCGGGAAAGCAAGTTGGAAGTGAAATGCATGGGCTCAACCCATGAGCTGCTTTCAAAACTGTTTTTCTTGAGTGAAGTAGAGGCAGGCGGAATTCCTAGTGTAGCGGTGAAATGCGTAGATATTAGGAGGAACACCAGTGGCGAAGGCGGCCTGCTGGGCTTTAACTGACGCTGAGGCTCGAAAGCGTGGGT",NA,NA,NA,0.043384242465965,NA,NA,NA,NA,"d__Bacteria","p__Firmicutes_A","c__Clostridia","o__Oscillospirales","f__Ruminococcaceae","g__unclassified","s__unclassified","t__unclassified"
"GCGAGCGTTGTCCGGAATTACTGGGTGTAAAGGGAGCGTAGGCGGGAAAGCAAGTTGGAAGTGAAATGCATGGGCTTAACCCATGAGCTGCTTTCAAAACTGTTTTTCTTGAGTGAAGTAGAGGCAGGCGGAATTCCTAGTGTAGCGGTGAAATGCGTAGATATTAGGAGGAACACCAGTGGCGAAGGCGGCCTGCTGGGCTTTAACTGACGCTGAGGCTCGAAAGCGTGGGT",NA,NA,NA,NA,0.0072491098117393,NA,NA,NA,"d__Bacteria","p__Firmicutes_A","c__Clostridia","o__Oscillospirales","f__Ruminococcaceae","g__unclassified","s__unclassified","t__unclassified"
"GCGAGCGTTGTCCGGAATTACTGGGTGTAAAGGGAGCGTAGGCGGGAAGGCAAGTTGGATGTGAAAACTGTGGGCTCAACCGACAGACTGCATTCAAAACTGTTTTTCTTGAGTGAAGTAGAGGCAAGCGGAATTCCTAGTGTAGCGGTGAAATGCGTAGATATTAGGAGGAACACCAGTGGCGAAGGCGGCTTGCTGGGCTTTTACTGACGCTGAGGCTCGAAAGTGTGGGG",NA,NA,NA,NA,NA,NA,1.37297200183003e-07,NA,"d__Bacteria","p__Firmicutes_A","c__Clostridia","o__Oscillospirales","f__Ruminococcaceae","g__Angelakisella","s__unclassified","t__unclassified"
"GCGAGCGTTGTCCGGAATTACTGGGTGTAAAGGGAGTGTAGGCGGGATCATAAGTTGCGTGTGAAATGCAGGGGCTCAACCCCTGAACTGCGCGCAAAACTGTGGTTCTTGAGTGAAGTAGAGGCAGGCGGAATTCCCGGTGTAGCGGTGGAATGCGTAGATATCGGGAGGAACACCAGTGGCGAAGGCGGCCTGCTGGGCTTTTACTGACGCTGAGGCTCGAAAGCATGGGG",NA,NA,NA,NA,NA,NA,NA,0.00291548522525329,"d__Bacteria","p__Firmicutes_A","c__Clostridia","o__Oscillospirales","f__Ruminococcaceae","g__Bittarella","s__Bittarella__massiliensis","t__unclassified"
"GCGAGCGTTGTCCGGATTTACTGGGCGTAAAGGGAGCGTAGGCGGACTTTTAAGTGAGATGTGAAATACCCGGGCTCAACTTGGGTGCTGCATTTCAAACTGGAAGTCTAGAGTGCAGGAGAGGAGAATGGAATTCCTAGTGTAGCGGTGAAATGCGTAGAGATTAGGAAGAACACCAGTGGCGAAGGCGATTCTCTGGACTGTAACTGACGCTGAGGCTCGAAAGCGTGGGG",0.0257832931834758,NA,NA,0.000277314482226698,NA,NA,NA,NA,"d__Bacteria","p__Firmicutes_A","c__Clostridia","o__Clostridiales","f__unclassified","g__unclassified","s__unclassified","t__unclassified"
"GCGAGCGTTGTCCGGATTTACTGGGCGTAAAGGGAGCGTAGGCGGATTTTTAAGTGAGATGTGAAATACTCGGGCTTAACCTGAGTGCTGCATTTCAAACTGGAAGTCTAGAGTGCAGGAGAGGAGAAGGGAATTCCTAGTGTAGCGGTGAAATGCGTAGAGATTAGGAAGAACACCAGTGGCGAAGGCGCTTCTCTGGACTGTAACTGACGCTGAGGCTCGAAAGCGTGGGG",NA,NA,NA,0.00409080580734373,NA,NA,NA,NA,"d__Bacteria","p__Firmicutes_A","c__Clostridia","o__Clostridiales","f__Clostridiaceae","g__Clostridium","s__unclassified","t__unclassified"
"GCGAGCGTTGTCCGGATTTACTGGGTGTAAAGGGTGCGTAGGCGGATAGGCAAGTCAGTGGTGAAATCTATGGGCTTAACCCATAAACTGCCATTGAAACTGTTTATCTTGAGTGGAGTAGAGGCAGGCGGAATTCCCGGTGTAGCGGTGAAATGCGTAGAGATCGGGAGGAACACCAGTGGCGAAGGCGGCCTGCTGGGCTTTAACTGACGCTGAGGCACGAAAGTGTGGGT",NA,NA,NA,0.0101638331165811,NA,NA,NA,NA,"d__Bacteria","p__Firmicutes_A","c__Clostridia","o__Oscillospirales","f__Acutalibacteraceae","g__unclassified","s__unclassified","t__unclassified"
"GCGAGCGTTGTCCGGATTTACTGGGTGTAAAGGGTGCGTAGGCGGGAAAGCAAGTCAGGTGTGAAATACCGGGGCTCAACTCCGGGGCTGCGCTTGAAACTGTTTTTCTTGAGTGAAGTAGAGGCAGGCGGAATTCCTAGTGTAGCGGTGGAATGCGTAGATATTAGGAGGAACACCAGTGGCGAAGGCGGCCTGCTGGGCTTTAACTGACGCTGAGGCACGAAAGCATGGGG",NA,NA,NA,NA,NA,NA,0.00011939790419905,NA,"d__Bacteria","p__Firmicutes_A","c__Clostridia","o__unclassified","f__unclassified","g__unclassified","s__unclassified","t__unclassified"
"GCGAGCGTTGTCCGGATTTACTGGGTGTAAAGGGTGCGTAGGCGGGATGGCAAGTCAGATGTGAAATACCGGGGCTTAACCCCGGGGCTGCATTTGAAACTGTCGTTCTTGAGTGAAGTAGAGGCAGGCGGAATTCCTAGTGTAGCGGTGAAATGCGTAGATATTAGGAGGAACACCAGTGGCGAAGGCGGCCTGCTGGGCTTTAACTGACGCTGAGGCACGAAAGCATGGGG",NA,NA,NA,0.0385119560243281,NA,NA,NA,0.0406718162242156,"d__Bacteria","p__Firmicutes_A","c__Clostridia","o__unclassified","f__unclassified","g__unclassified","s__unclassified","t__unclassified"
"GCGAGCGTTGTCCGGATTTACTGGGTGTAAAGGGTGCGTAGGCGGGATGGCAAGTCAGATGTGAAATACCGGGGCTTAACTCCGGGGCTGCATTTGAAACTGTCGTTCTTGAGTGAAGTAGAGGCAGGCGGAATTCCTAGTGTAGCGGTGAAATGCGTAGATATTAGGAGGAACACCAGTGGCGAAGGCGGCCTGCTGGGCTTTAACTGACGCTGAGGCACGAAAGCATGGGG",NA,NA,NA,0.035697706117704,NA,NA,NA,NA,"d__Bacteria","p__Firmicutes_A","c__Clostridia","o__unclassified","f__unclassified","g__unclassified","s__unclassified","t__unclassified"
"GCGAGCGTTGTTCGGATTTATTGGGCGTAAAGGGTCCGCAGGGGGTTGATTAAGTCTGACGTGAAATCCCTGAGCTTAACTCAGGAACTGCGTTGGAGACTGGTTGACTAGAGTGTTGGAGAGGTGATTGGAATTCCAGGTGTAGCGGTGGAATGCGTAGATATCTGGAAGAACATCGAAAGCGAAGGCAGATCACTGGACAATGACTGACCCTCAGGGACGAAAGCATGGGG",NA,NA,NA,0.0385119560243281,NA,NA,NA,NA,"d__Bacteria","p__unclassified","c__unclassified","o__unclassified","f__unclassified","g__unclassified","s__unclassified","t__unclassified"
"GCTAGCGTTATCCGGATTTACTGGGCGTAAAGGGTGCGTAGGCGGTCTTTTAAGTCAGGAGTGAAAGGCTACGGCTCAACCGTAGTAAGCTCTTGAAACTGGAGGACTTGAGTGCAGGAGAGGAGAGTGGAATTCCTAGTGTAGCGGTGAAATGCGTAGATATTAGGAGGAACACCAGTAGCGAAGGCGGCTCTCTGGACTGTAACTGACGCTGAGGCACGAAAGCGTGGGG",0.00274053671628792,0.00859724722615943,0.00859724722615943,0.0267461914940387,NA,NA,NA,NA,"d__Bacteria","p__Firmicutes_A","c__Clostridia","o__Peptostreptococcales","f__Peptostreptococcaceae","g__Intestinibacter","s__Intestinibacter__bartlettii","t__unclassified"
"TCAAGCGTTATCCGGATTTATTGGGTTTAAAGGGTGCGTAGGCGGTTTGATAAGTTAGAGGTGAAATCCCGGGGCTTAACTCCGGAACTGCCTCTAATACTGTTAGACTAGAGAGTAGTTGCGGTAGGCGGAATGTATGGTGTAGCGGTGAAATGCTTAGAGATCATACAGAACACCGATTGCGAAGGCAGCTTACCAAACTATATCTGACGTTGAGGCACGAAAGCGTGGGG",NA,NA,NA,0.000959346315685268,NA,NA,NA,NA,"d__Bacteria","p__Bacteroidota","c__Bacteroidia","o__Bacteroidales","f__Rikenellaceae","g__Alistipes","s__Alistipes__onderdonkii","t__unclassified"
"t__123373",NA,NA,NA,2.06368576393101e-06,NA,NA,NA,NA,"d__Bacteria","p__Firmicutes_A","c__Clostridia","o__Oscillospirales","f__Oscillospiraceae","g__Lawsonibacter","s__PROV_t__123373","t__123373"
"t__150516",NA,NA,NA,NA,NA,NA,0.0483476768019356,NA,"d__Bacteria","p__Firmicutes","c__Bacilli","o__Erysipelotrichales","f__Erysipelotrichaceae","g__Holdemania","s__Holdemania__massiliensis","t__150516"
"t__154140",NA,NA,NA,NA,NA,NA,NA,0.00750725957165727,"d__Bacteria","p__Firmicutes_A","c__Clostridia","o__Lachnospirales","f__Lachnospiraceae","g__Clostridium_M","s__PROV_t__154140","t__154140"
"t__158681",NA,NA,NA,NA,NA,0.0118287046157564,0.0105949818247694,NA,"d__Bacteria","p__Firmicutes_A","c__Clostridia","o__Lachnospirales","f__Lachnospiraceae","g__Anaerostipes","s__Anaerostipes__hadrus","t__158681"
"t__160951",NA,NA,NA,0.032106932573134,NA,NA,NA,NA,"d__Bacteria","p__Actinobacteriota","c__Actinobacteria","o__Actinomycetales","f__Actinomycetaceae","g__PROV_t__160951","s__PROV_t__160951","t__160951"
"t__180169",NA,0.038594559593271,0.038594559593271,0.00845226834890286,NA,NA,NA,NA,"d__Bacteria","p__Firmicutes_A","c__Clostridia","o__Oscillospirales","f__Ruminococcaceae","g__Neobitarella","s__Neobitarella__massiliensis","t__180169"
"t__186117",0.0433971501962985,NA,NA,0.0171491407639233,NA,NA,NA,NA,"d__Bacteria","p__Firmicutes_A","c__Clostridia","o__Christensenellales","f__PROV_t__125037","g__PROV_t__186117","s__PROV_t__186117","t__186117"
"t__186843",0.0375621165199643,NA,NA,3.43092890461477e-05,0.00442924419427768,NA,NA,9.51959336046512e-07,"d__Bacteria","p__Firmicutes_A","c__Clostridia","o__Christensenellales","f__Christensenellaceae","g__PROV_t__186843","s__PROV_t__186843","t__186843"
"t__194986",NA,NA,NA,0.0154185126171136,NA,NA,NA,NA,"d__Bacteria","p__Firmicutes_A","c__Clostridia","o__Peptostreptococcales","f__Peptostreptococcaceae","g__Romboutsia","s__Romboutsia__timonensis","t__194986"
"t__195725",NA,NA,NA,0.0448949762858438,NA,NA,NA,NA,"d__Bacteria","p__Firmicutes_A","c__Clostridia","o__Lachnospirales","f__Lachnospiraceae","g__Blautia_A","s__PROV_t__195725","t__195725"
"t__209626",NA,NA,NA,NA,NA,0.0149090667214395,NA,0.045136610027991,"d__Bacteria","p__Firmicutes_A","c__Clostridia","o__Lachnospirales","f__Lachnospiraceae","g__PROV_t__209626","s__PROV_t__209626","t__209626"
"t__21615",NA,NA,NA,NA,NA,NA,NA,0.000240093616290523,"d__Bacteria","p__Bacteroidota","c__Bacteroidia","o__Bacteroidales","f__Bacteroidaceae","g__Bacteroides_B","s__Bacteroides_B__vulgatus","t__21615"
"t__238194",NA,NA,NA,NA,NA,1.14815616109204e-12,NA,NA,"d__Bacteria","p__Actinobacteriota","c__Actinobacteria","o__Actinomycetales","f__Actinomycetaceae","g__Varibaculum","s__PROV_t__238194","t__238194"
"t__258134",NA,NA,NA,0.000453475780657046,NA,NA,NA,NA,"d__Bacteria","p__Firmicutes_A","c__Clostridia","o__Lachnospirales","f__Lachnospiraceae","g__Ruminococcus_A","s__PROV_t__258134","t__258134"
"t__258798",NA,NA,NA,0.0267461914940387,NA,NA,NA,NA,"d__Bacteria","p__Firmicutes_A","c__Clostridia","o__Oscillospirales","f__Acutalibacteraceae","g__Anaeromassilibacillus","s__PROV_t__258798","t__258798"
"t__42395",0.0364801005452692,8.62863746326848e-16,8.62863746326848e-16,0.000154988742091634,NA,NA,NA,NA,"d__Bacteria","p__Firmicutes_C","c__Negativicutes","o__Acidaminococcales","f__Acidaminococcaceae","g__Phascolarctobacterium_A","s__Phascolarctobacterium_A__succinatutens","t__42395"
"t__4989",3.04852879149623e-16,NA,NA,NA,NA,NA,NA,NA,"d__Bacteria","p__Firmicutes_C","c__Negativicutes","o__Veillonellales","f__Dialisteraceae","g__Dialister","s__PROV_t__4989","t__4989"
"t__73700",NA,NA,NA,0.0171491407639233,NA,NA,NA,0.00361936506198181,"d__Bacteria","p__Firmicutes_A","c__Clostridia","o__Lachnospirales","f__Lachnospiraceae","g__Lactonifactor","s__Lactonifactor__longoviformis","t__73700"
"t__92557",NA,NA,NA,NA,NA,NA,NA,0.0191022207604669,"d__Bacteria","p__Firmicutes_A","c__Clostridia","o__Lachnospirales","f__Lachnospiraceae","g__Coprococcus_A","s__Coprococcus_A__catus","t__92557"
